51.509254,-0.161045,-0.009992,0.000385,-1.542892
51.509254,-0.161045,0.129905,-0.004587,-2.870928
51.509255,-0.161045,0.389944,-0.006456,-1.173828
51.509257,-0.161045,0.579924,-0.009205,-0.723240
51.509259,-0.161046,0.779917,-0.010499,-1.095523
51.509263,-0.161046,1.029984,-0.004371,-0.446965
51.509267,-0.161046,1.159988,0.003261,-0.039383
51.509273,-0.161046,1.329609,-0.018213,0.361497
51.509279,-0.161046,1.259470,-0.035949,-1.931095
51.509284,-0.161046,1.219762,-0.023612,-1.338807
51.509290,-0.161046,1.319911,-0.013957,-0.879191
51.509296,-0.161046,1.369780,-0.020883,-0.332447
51.509302,-0.161046,1.349772,-0.011144,-1.414408
51.509308,-0.161047,1.259973,0.002370,0.468297
51.509314,-0.161047,1.319976,0.001893,-0.252728
51.509320,-0.161046,1.309881,-0.006786,0.417030
51.509325,-0.161047,1.329493,-0.034899,-1.010656
51.509331,-0.161047,1.269221,-0.044480,-1.996680
51.509337,-0.161047,1.328953,0.005626,-2.017555
51.509343,-0.161047,1.278614,0.059448,2.502626
51.509349,-0.161047,1.258904,0.051473,2.821409
51.509354,-0.161046,1.229503,0.034528,1.861270
51.509360,-0.161046,1.299809,0.018707,1.355937
51.509366,-0.161046,1.259987,0.000907,0.293130
51.509371,-0.161046,1.299995,-0.002825,-0.210658
51.509377,-0.161046,1.269909,-0.011156,-0.038330
51.509383,-0.161046,1.289608,-0.030553,-0.968343
51.509389,-0.161046,1.249370,-0.039641,-1.746012
51.509394,-0.161046,1.269633,-0.026251,-1.888643
51.509400,-0.161047,1.199629,-0.025527,-0.480287
51.509406,-0.161047,1.248118,-0.064871,-1.957788
51.509411,-0.161047,1.287093,-0.086491,-3.992754
51.509417,-0.161048,1.288261,-0.064222,-3.696050
51.509423,-0.161048,1.309272,-0.043608,-2.011801
51.509429,-0.161049,1.349157,-0.047443,-1.803466
51.509435,-0.161049,1.299048,-0.049737,-2.224501
51.509441,-0.161049,1.339292,-0.042891,-2.160778
51.509447,-0.161050,1.249590,-0.032009,-1.507762
51.509452,-0.161050,1.349783,-0.013645,-1.426935
51.509458,-0.161050,1.279984,0.006398,0.268530
51.509464,-0.161050,1.229987,0.000872,0.304233
51.509469,-0.161050,1.249869,-0.015011,-0.223017
51.509475,-0.161050,1.279737,0.000190,-1.153172
51.509481,-0.161050,1.239862,0.009311,1.170179
51.509486,-0.161050,1.199731,-0.020920,-0.309618
51.509492,-0.161050,1.249729,-0.018727,-1.688309
51.509497,-0.161050,1.219988,0.003513,-0.028695
51.509503,-0.161050,1.269811,-0.011012,0.358700
51.509509,-0.161050,1.269731,-0.025803,-1.352455
51.509514,-0.161051,1.299899,-0.014024,-0.975957
51.509520,-0.161051,1.319949,-0.010620,-0.260233
51.509526,-0.161051,1.289908,-0.015417,-0.661721
51.509532,-0.161051,1.269264,-0.037376,-0.707853
51.509538,-0.161051,1.278868,-0.053467,-2.665517
51.509543,-0.161052,1.289542,-0.019462,-2.122516
51.509549,-0.161052,1.309971,0.000215,0.393208
51.509555,-0.161052,1.289985,-0.005663,-0.374364
51.509561,-0.161052,1.289468,-0.027593,-0.128643
51.509567,-0.161052,1.298919,-0.053014,-2.323067
51.509572,-0.161052,1.298751,-0.056862,-2.351267
51.509578,-0.161053,1.318791,-0.056262,-2.662568
51.509584,-0.161053,1.289497,-0.029784,-2.223155
51.509590,-0.161053,1.259952,-0.010855,-0.423174
51.509596,-0.161053,1.269788,0.008902,-0.564053
51.509601,-0.161053,1.239810,0.010671,1.367369
51.509607,-0.161053,0.999337,-0.028845,-0.381124
51.509611,-0.161053,0.819124,-0.037670,-2.925544
51.509615,-0.161054,0.529758,-0.014180,-2.340580
51.509618,-0.161054,0.245768,0.030630,-0.725967
51.509619,-0.161054,0.257332,0.104644,14.934195
51.509620,-0.161053,0.198305,0.148664,29.323886
51.509621,-0.161052,0.181447,0.235262,44.391915
51.509621,-0.161050,0.099641,0.248248,60.325409
51.509622,-0.161048,0.039994,0.315200,75.935637
51.509622,-0.161046,-0.030498,0.245997,89.601800
51.509622,-0.161044,-0.100185,0.259488,104.532941
51.509622,-0.161042,-0.133455,0.197711,117.689118
51.509621,-0.161041,-0.175572,0.160878,130.349407
51.509620,-0.161040,-0.239214,0.117574,144.652028
51.509619,-0.161039,-0.215158,0.034957,162.999771
51.509618,-0.161039,-0.299916,0.007092,178.543803
51.509617,-0.161039,-0.539845,0.012907,178.746911
51.509614,-0.161039,-0.749576,-0.005227,178.513943
51.509611,-0.161039,-0.989157,-0.040831,182.285120
51.509607,-0.161039,-1.209347,-0.014591,182.442371
51.509601,-0.161039,-1.339448,0.036608,178.940148
51.509595,-0.161039,-1.299575,0.023606,177.928732
51.509589,-0.161039,-1.319953,0.007957,179.990025
51.509583,-0.161039,-1.329946,0.004824,179.319162
51.509577,-0.161038,-1.279851,0.010549,180.265193
51.509572,-0.161038,-1.229854,0.016316,178.790315
51.509566,-0.161038,-1.319958,-0.002922,179.689519
51.509560,-0.161038,-1.279955,-0.002105,180.564143
51.509554,-0.161038,-1.249606,0.025895,179.624282
51.509549,-0.161038,-1.219158,0.045240,178.001444
51.509543,-0.161038,-1.219254,0.042267,177.748271
51.509538,-0.161037,-1.319686,0.015120,178.280867
51.509532,-0.161037,-1.309890,-0.015702,180.406307
51.509526,-0.161038,-1.279370,0.015453,180.967234
51.509520,-0.161037,-1.299451,0.025273,177.648708
51.509514,-0.161037,-1.289714,0.017787,180.122879
51.509509,-0.161037,-1.278661,0.055772,178.296837
51.509503,-0.161037,-1.278748,0.052605,176.708162
51.509497,-0.161036,-1.209739,0.005410,178.580453
51.509492,-0.161036,-1.259802,0.002249,180.907102
51.509486,-0.161036,-1.289865,0.008292,178.888358
51.509480,-0.161036,-1.209590,-0.025876,180.374990
51.509475,-0.161036,-1.309214,-0.045328,182.075981
51.509469,-0.161037,-1.249451,-0.036772,181.889863
51.509463,-0.161037,-1.279628,-0.002326,181.481628
51.509457,-0.161037,-1.329560,0.033922,178.726628
51.509452,-0.161037,-1.239107,0.045929,178.350314
51.509446,-0.161036,-1.318608,0.060590,177.404149
51.509440,-0.161036,-1.298791,0.055855,177.334068
51.509434,-0.161036,-1.349388,0.037473,177.740887
51.509428,-0.161035,-1.327861,0.062911,179.077652
51.509422,-0.161035,-1.276545,0.093735,175.497343
51.509416,-0.161034,-1.308180,0.064524,176.103396
51.509411,-0.161034,-1.329017,0.050216,178.249118
51.509405,-0.161033,-1.289302,0.036662,177.423209
51.509399,-0.161033,-1.329932,0.013154,179.319228
51.509393,-0.161033,-1.339597,0.027909,179.547376
51.509387,-0.161033,-1.279632,0.023499,178.065599
51.509381,-0.161033,-1.289996,0.000716,179.830320
51.509375,-0.161033,-1.299931,0.008192,180.106058
51.509369,-0.161033,-1.299391,-0.017122,179.171854
51.509364,-0.161033,-1.319245,-0.043413,182.338011
51.509358,-0.161033,-1.299509,-0.035581,181.431580
51.509352,-0.161033,-1.229489,-0.035421,181.705202
51.509346,-0.161033,-1.279742,-0.021407,181.595251
51.509340,-0.161034,-1.299968,0.001725,180.321424
51.509335,-0.161034,-1.269926,0.013369,179.526477
51.509329,-0.161034,-1.289910,0.015173,179.267178
51.509323,-0.161033,-1.279927,0.013638,179.384957
51.509317,-0.161033,-1.229547,0.029180,179.394059
51.509312,-0.161033,-1.319516,0.031112,177.886886
51.509306,-0.161033,-1.259960,0.009466,179.411770
51.509300,-0.161033,-1.299645,0.024339,179.727285
51.509294,-0.161033,-1.249603,0.029278,178.126993
51.509289,-0.161032,-1.309904,0.015630,179.188678
51.509283,-0.161032,-1.319881,0.017182,179.444098
51.509277,-0.161032,-1.279394,0.036264,179.064248
51.509271,-0.161032,-1.289474,0.027384,177.688575
51.509265,-0.161032,-1.069842,0.014109,179.878225
51.509261,-0.161032,-0.749279,0.030487,178.610668
51.509257,-0.161031,-0.599172,0.031373,176.729330
51.509255,-0.161031,-0.312663,0.054918,177.276158
51.509253,-0.161031,-0.260960,0.120546,162.799636
51.509252,-0.161030,-0.169000,0.138338,147.612645
51.509251,-0.161029,-0.117046,0.160004,133.781847
51.509251,-0.161028,-0.114513,0.306004,118.590675
51.509250,-0.161026,-0.023682,0.256874,102.442881
51.509250,-0.161024,0.038333,0.255402,88.091794
51.509250,-0.161022,0.106119,0.256657,74.836714
51.509251,-0.161020,0.114975,0.148997,60.236339
51.509251,-0.161019,0.206563,0.153950,44.451831
51.509252,-0.161018,0.267062,0.107280,28.941945
51.509253,-0.161017,0.275322,0.037875,14.829052
51.509255,-0.161017,0.309976,0.003755,0.836379
51.509256,-0.161017,0.549961,-0.001124,0.551804
51.509259,-0.161017,0.769881,-0.013284,-0.786042
51.509262,-0.161017,1.009853,-0.016682,-1.191047
51.509267,-0.161017,1.209937,-0.012044,-0.701779
51.509272,-0.161017,1.319974,-0.002002,-0.438875
51.509278,-0.161017,1.269993,0.003379,0.265069
51.509284,-0.161017,1.299598,-0.022393,0.039795
51.509289,-0.161017,1.249336,-0.040616,-2.014092
51.509295,-0.161018,1.259719,-0.017943,-1.709998
51.509301,-0.161018,1.329997,-0.000770,0.077913
51.509307,-0.161018,1.309996,-0.003316,-0.144242
51.509313,-0.161018,1.289945,-0.009890,-0.145822
51.509318,-0.161018,1.259899,-0.015948,-0.732694
51.509324,-0.161018,1.279925,-0.002330,-0.717781
51.509330,-0.161018,1.299500,-0.019039,0.509187
51.509336,-0.161018,1.289208,-0.044988,-2.187957
51.509341,-0.161018,1.279681,-0.019573,-1.809154
51.509347,-0.161019,1.319925,0.010564,0.056547
51.509353,-0.161018,1.279916,0.005691,0.860564
51.509359,-0.161018,1.289970,-0.008741,-0.351077
51.509365,-0.161018,1.309909,0.004921,-0.425393
51.509371,-0.161018,1.299858,0.019206,0.855873
51.509376,-0.161018,1.299843,-0.001180,0.837158
51.509382,-0.161018,1.299802,-0.022657,-0.941197
51.509388,-0.161018,1.259436,-0.035600,-1.056092
51.509394,-0.161019,1.329326,-0.041270,-2.182122
51.509400,-0.161019,1.269498,-0.035355,-1.374361
51.509405,-0.161019,1.359535,-0.034526,-1.816114
51.509411,-0.161020,1.339688,0.003158,-1.093366
51.509418,-0.161019,1.309648,0.030374,1.363449
51.509423,-0.161019,1.289673,0.029024,1.293721
51.509429,-0.161019,1.269754,0.003766,1.284680
51.509435,-0.161019,1.259702,-0.026738,-0.944855
51.509441,-0.161019,1.309746,-0.023637,-1.487060
51.509446,-0.161019,1.329743,0.010468,-0.580789
51.509452,-0.161019,1.259526,0.034522,1.482879
51.509458,-0.161019,1.269472,0.036617,1.657162
51.509464,-0.161019,1.249527,0.034356,1.647218
51.509469,-0.161019,1.309526,0.035231,1.502719
51.509475,-0.161018,1.279714,0.025054,1.579449
51.509481,-0.161018,1.289823,-0.005664,0.663706
51.509487,-0.161018,1.209847,-0.018131,-1.166886
51.509492,-0.161018,1.319911,-0.015098,-0.550238
51.509498,-0.161018,1.289941,-0.007002,-0.760434
51.509504,-0.161018,1.229968,0.007535,0.138392
51.509510,-0.161018,1.329769,-0.009708,0.563638
51.509516,-0.161018,1.309789,-0.020466,-1.400198
51.509521,-0.161019,1.199560,-0.026685,-0.390176
51.509527,-0.161019,1.248995,-0.050030,-2.158544
51.509532,-0.161019,1.198755,-0.054534,-2.429084
51.509538,-0.161020,1.278960,-0.050192,-2.780363
51.509544,-0.161020,1.229287,-0.041599,-1.714396
51.509549,-0.161020,1.309245,-0.044156,-2.161927
51.509555,-0.161021,1.299368,-0.040474,-1.701355
51.509561,-0.161021,1.249663,-0.022922,-1.866908
51.509566,-0.161021,1.319727,-0.021479,-0.234782
51.509572,-0.161021,1.219447,-0.036668,-1.630079
51.509578,-0.161021,1.278338,-0.061676,-1.814535
51.509584,-0.161022,1.317021,-0.088577,-3.709858
51.509589,-0.161023,1.347796,-0.074687,-3.985505
51.509596,-0.161023,1.309131,-0.047225,-2.358037
51.509601,-0.161023,1.229599,-0.030497,-1.773889
51.509607,-0.161024,1.079567,-0.029213,-1.067638
51.509612,-0.161024,0.758975,-0.037911,-2.032481
51.509615,-0.161024,0.519100,-0.030439,-3.686609
51.509618,-0.161024,0.365595,0.029188,-3.025110
51.509619,-0.161024,0.232081,0.085907,12.154454
51.509620,-0.161023,0.174523,0.130175,28.470704
51.509621,-0.161023,0.134230,0.183399,44.966839
51.509622,-0.161021,0.131422,0.343386,62.632102
51.509622,-0.161019,0.030532,0.246006,75.481845
51.509622,-0.161017,-0.032982,0.255960,90.368546
51.509622,-0.161015,-0.086728,0.221842,104.316277
51.509622,-0.161014,-0.121718,0.168992,118.389444
51.509621,-0.161012,-0.207859,0.168316,133.137958
51.509620,-0.161011,-0.226608,0.100929,148.863940
51.509619,-0.161010,-0.254375,0.040277,163.120690
51.509618,-0.161010,-0.339943,0.006186,178.884621
51.509617,-0.161010,-0.499852,0.011734,179.030445
51.509614,-0.161010,-0.799224,0.033825,178.280065
51.509611,-0.161010,-1.108590,0.055713,176.873022
51.509606,-0.161009,-1.229182,0.042720,177.372909
51.509600,-0.161009,-1.309699,0.027901,178.646106
51.509594,-0.161009,-1.259878,0.015237,178.913054
51.509589,-0.161009,-1.219975,0.007752,179.701125
51.509583,-0.161009,-1.319976,0.002370,179.570704
51.509577,-0.161009,-1.289769,-0.019591,180.223515
51.509572,-0.161009,-1.309760,-0.021001,181.516964
51.509566,-0.161009,-1.299703,-0.022949,180.320259
51.509560,-0.161009,-1.289550,-0.033755,181.702921
51.509554,-0.161009,-1.309719,-0.027029,181.295940
51.509548,-0.161010,-1.309704,-0.027654,181.068539
51.509542,-0.161010,-1.299807,-0.011243,181.350689
51.509536,-0.161010,-1.288519,0.047545,179.640516
51.509531,-0.161009,-1.287512,0.079747,176.133085
51.509525,-0.161009,-1.317166,0.085682,176.778275
51.509519,-0.161008,-1.267976,0.066296,175.778038
51.509513,-0.161008,-1.299335,0.041555,178.236044
51.509507,-0.161007,-1.369429,0.039029,178.100354
51.509501,-0.161007,-1.299791,0.009889,178.634679
51.509495,-0.161007,-1.239938,-0.012250,180.493541
51.509490,-0.161007,-1.299957,-0.008947,180.638510
51.509484,-0.161007,-1.279998,-0.001533,180.150129
51.509478,-0.161007,-1.249870,-0.012623,179.987120
51.509473,-0.161007,-1.269747,-0.025347,181.170126
51.509467,-0.161008,-1.279837,-0.019764,181.117111
51.509461,-0.161008,-1.379953,-0.006267,180.652331
51.509455,-0.161008,-1.279998,0.000904,179.868089
51.509449,-0.161008,-1.269974,0.005162,180.050980
51.509443,-0.161008,-1.309448,0.032132,179.483271
51.509438,-0.161007,-1.299332,0.039858,177.705405
51.509432,-0.161007,-1.279848,0.010519,178.780544
51.509426,-0.161007,-1.269965,-0.008971,180.277629
51.509420,-0.161007,-1.259833,0.007429,180.531839
51.509415,-0.161007,-1.329813,0.021238,178.792415
51.509409,-0.161007,-1.299783,0.022288,179.377638
51.509403,-0.161007,-1.309732,0.026071,178.657556
51.509397,-0.161007,-1.279783,0.023454,179.061775
51.509391,-0.161006,-1.259849,0.017926,178.838413
51.509385,-0.161006,-1.319824,0.019638,179.531187
51.509380,-0.161006,-1.339768,0.024560,178.763892
51.509374,-0.161006,-1.269910,0.004850,179.135710
51.509368,-0.161006,-1.279777,0.011459,180.426611
51.509362,-0.161006,-1.309607,0.032058,178.547367
51.509356,-0.161006,-1.239276,0.040777,178.648083
51.509351,-0.161005,-1.209089,0.046743,177.582722
51.509345,-0.161005,-1.309573,0.028542,177.989416
51.509339,-0.161005,-1.289734,-0.012212,179.513506
51.509334,-0.161005,-1.239648,-0.029163,181.571456
51.509328,-0.161005,-1.309787,-0.002170,181.123882
51.509322,-0.161005,-1.259452,0.034440,179.066010
51.509316,-0.161005,-1.299313,0.041381,177.801207
51.509311,-0.161005,-1.259787,0.012092,178.550477
51.509305,-0.161005,-1.249982,-0.006719,180.349694
51.509299,-0.161005,-1.259992,-0.004242,180.266230
51.509294,-0.161005,-1.299968,-0.007679,180.119578
51.509288,-0.161005,-1.289944,-0.011974,180.557317
51.509282,-0.161005,-1.299935,0.001391,180.506385
51.509276,-0.161005,-1.239947,0.011195,179.371002
51.509271,-0.161005,-1.249984,0.004784,179.594443
51.509265,-0.161005,-1.019992,0.003142,179.967003
51.509260,-0.161005,-0.759972,0.006191,179.680048
51.509257,-0.161005,-0.479943,0.007129,179.386408
51.509255,-0.161004,-0.392712,0.057168,178.911549
51.509253,-0.161004,-0.247559,0.102578,164.523561
51.509252,-0.161003,-0.216137,0.158678,150.462191
51.509251,-0.161002,-0.159973,0.189793,136.968696
51.509250,-0.161001,-0.082618,0.179671,123.285144
51.509250,-0.161000,-0.028200,0.196075,106.103468
51.509250,-0.160998,0.038076,0.274536,90.265246
51.509250,-0.160996,0.100670,0.237677,73.942699
51.509250,-0.160994,0.103507,0.132713,60.146580
51.509251,-0.160993,0.228502,0.175613,43.949702
51.509252,-0.160992,0.263349,0.115442,31.137727
51.509253,-0.160991,0.245026,0.033469,16.203786
51.509254,-0.160991,0.309990,-0.001512,-0.647636
51.509256,-0.160991,0.459997,0.001371,0.088805
51.509258,-0.160991,0.829881,-0.007935,0.252796
51.509261,-0.160991,0.999824,-0.017898,-1.348449
51.509266,-0.160991,1.229927,-0.001841,-0.702608
51.509271,-0.160991,1.329919,0.014489,0.531056
51.509277,-0.160991,1.319814,-0.005027,0.717327
51.509283,-0.160991,1.279739,-0.025854,-1.153781
51.509289,-0.160991,1.239757,-0.024527,-1.160979
51.509295,-0.160992,1.239841,-0.004635,-1.105783
51.509300,-0.160992,1.289940,0.011978,0.677395
51.509306,-0.160992,1.219986,0.003844,0.386615
51.509311,-0.160992,1.359985,0.004129,-0.025602
51.509318,-0.160992,1.319986,0.004200,0.373519
51.509323,-0.160991,1.229593,0.022280,-0.008904
51.509329,-0.160991,1.279001,0.050416,2.085082
51.509335,-0.160991,1.328745,0.057748,2.429622
51.509341,-0.160991,1.249127,0.045635,2.547445
51.509346,-0.160990,1.329654,0.028929,1.637157
51.509352,-0.160990,1.319925,0.008356,0.855579
51.509358,-0.160990,1.309962,0.005389,-0.130142
51.509364,-0.160990,1.379665,0.027487,0.601547
51.509370,-0.160990,1.309575,0.032888,1.681118
51.509376,-0.160989,1.269848,0.009068,1.196081
51.509382,-0.160989,1.289985,-0.003012,-0.377803
51.509388,-0.160989,1.249785,-0.015139,0.110254
51.509393,-0.160990,1.309510,-0.035810,-1.498295
51.509399,-0.160990,1.339604,-0.031949,-1.634590
51.509405,-0.160990,1.219830,-0.020121,-1.097830
51.509411,-0.160990,1.279937,-0.010336,-0.792221
51.509416,-0.160990,1.219971,0.004409,-0.133094
51.509422,-0.160990,1.329961,0.009829,0.547228
51.509428,-0.160990,1.239686,0.022694,0.299673
51.509433,-0.160990,1.289603,0.030358,1.797821
51.509439,-0.160990,1.289911,0.013573,0.899262
51.509445,-0.160990,1.309955,-0.003290,0.306516
51.509451,-0.160990,1.259960,-0.009199,-0.594349
51.509457,-0.160990,1.329994,-0.002887,-0.242269
51.509463,-0.160990,1.229991,-0.003486,-0.006494
51.509468,-0.160990,1.319974,0.000924,-0.318301
51.509474,-0.160990,1.289965,0.009533,0.398535
51.509480,-0.160990,1.389642,-0.016199,0.448284
51.509486,-0.160990,1.308952,-0.051324,-1.783991
51.509492,-0.160990,1.288792,-0.055560,-2.706819
51.509498,-0.160991,1.329329,-0.040802,-2.230148
51.509504,-0.160991,1.319808,-0.020619,-1.286018
51.509510,-0.160991,1.239968,-0.008677,-0.504056
51.509515,-0.160991,1.279989,-0.001538,-0.297813
51.509521,-0.160991,1.309997,0.001979,0.160128
51.509527,-0.160991,1.339994,-0.002715,0.012984
51.509533,-0.160991,1.259994,-0.001841,-0.245201
51.509539,-0.160991,1.369943,-0.007863,0.077804
51.509545,-0.160991,1.289391,-0.035054,-0.735543
51.509551,-0.160991,1.309092,-0.048394,-2.378993
51.509556,-0.160992,1.289561,-0.032300,-1.855240
51.509562,-0.160992,1.259893,-0.014430,-1.014395
51.509568,-0.160992,1.299832,-0.017764,-0.298007
51.509574,-0.160992,1.269608,-0.031363,-1.267922
51.509579,-0.160993,1.249396,-0.038605,-1.562240
51.509585,-0.160993,1.258992,-0.049977,-1.977378
51.509591,-0.160993,1.279102,-0.046749,-2.569105
51.509596,-0.160993,1.289728,-0.022549,-1.617166
51.509602,-0.160994,1.199910,0.005520,-0.386085
51.509608,-0.160994,1.019742,0.022151,0.913221
51.509612,-0.160993,0.849300,0.033081,1.575616
51.509616,-0.160993,0.529211,0.028834,2.885628
51.509618,-0.160993,0.372187,0.063923,3.351704
51.509620,-0.160993,0.163467,0.071588,16.139242
51.509621,-0.160992,0.165662,0.126979,31.161190
51.509622,-0.160991,0.162326,0.211805,43.779003
51.509622,-0.160990,0.087209,0.221548,61.288196
51.509623,-0.160988,0.022752,0.206718,75.738971
51.509623,-0.160986,-0.041195,0.274949,91.699247
51.509623,-0.160985,-0.074328,0.184235,105.343172
51.509622,-0.160983,-0.144179,0.202004,118.599072
51.509622,-0.160982,-0.174323,0.147076,132.435090
51.509621,-0.160981,-0.214757,0.102904,147.256571
51.509620,-0.160980,-0.243266,0.048260,161.539200
51.509619,-0.160980,-0.359226,0.023549,176.019001
51.509617,-0.160979,-0.609368,0.024601,176.479651
51.509614,-0.160979,-0.809906,0.003844,178.896596
51.509611,-0.160979,-1.039949,-0.010270,180.559576
51.509606,-0.160979,-1.229937,0.000211,180.572064
51.509601,-0.160979,-1.269690,-0.012158,179.408256
51.509595,-0.160979,-1.339693,-0.015112,181.689007
51.509589,-0.160979,-1.249985,0.004683,179.603533
51.509583,-0.160979,-1.269950,0.008354,179.967134
51.509578,-0.160979,-1.269672,0.026779,179.279063
51.509572,-0.160979,-1.309706,0.022525,178.304399
51.509566,-0.160979,-1.279985,0.006185,179.725019
51.509560,-0.160979,-1.349981,0.007123,179.721289
51.509554,-0.160979,-1.299989,0.004687,179.674079
51.509548,-0.160979,-1.239999,0.000899,179.912764
51.509543,-0.160979,-1.309932,-0.009458,180.004152
51.509537,-0.160979,-1.269930,-0.006649,180.823246
51.509531,-0.160979,-1.269994,0.003563,179.776683
51.509525,-0.160979,-1.269970,0.007120,179.901868
51.509520,-0.160979,-1.319968,0.007896,179.455722
51.509514,-0.160979,-1.249979,-0.003365,179.858843
51.509508,-0.160979,-1.329667,-0.025598,180.449615
51.509502,-0.160979,-1.309669,-0.025661,181.756186
51.509496,-0.160979,-1.229840,-0.018242,180.488788
51.509491,-0.160979,-1.279839,-0.018370,181.210758
51.509485,-0.160980,-1.219894,-0.015008,180.433930
51.509480,-0.160980,-1.369569,-0.032964,180.975774
51.509473,-0.160980,-1.279530,-0.034241,181.781820
51.509468,-0.160980,-1.329832,-0.013508,181.283971
51.509462,-0.160980,-1.259679,-0.018757,179.880001
51.509456,-0.160980,-1.289663,-0.017056,181.826196
51.509450,-0.160980,-1.339987,0.001709,179.689187
51.509444,-0.160980,-1.239965,0.004552,180.164624
51.509439,-0.160980,-1.309894,0.016376,179.414666
51.509433,-0.160980,-1.289839,-0.001284,179.152774
51.509427,-0.160980,-1.309882,-0.005217,180.961273
51.509421,-0.160980,-1.319973,0.007067,179.495126
51.509415,-0.160980,-1.289946,-0.007033,179.891359
51.509409,-0.160980,-1.349850,0.002695,180.733450
51.509403,-0.160980,-1.319906,0.012378,179.037764
51.509397,-0.160980,-1.279970,-0.004800,179.887605
51.509392,-0.160980,-1.239826,0.007600,180.542098
51.509386,-0.160980,-1.269158,0.043431,178.755511
51.509380,-0.160980,-1.238815,0.054069,177.324678
51.509375,-0.160980,-1.319448,0.030346,177.677092
51.509369,-0.160979,-1.289851,0.016936,179.687879
51.509363,-0.160979,-1.279861,0.012845,178.807631
51.509357,-0.160979,-1.219985,-0.004731,180.042314
51.509352,-0.160979,-1.329957,-0.010642,180.402056
51.509346,-0.160979,-1.279974,-0.006618,180.514851
51.509340,-0.160979,-1.269895,-0.012395,180.077614
51.509334,-0.160979,-1.299577,0.008449,181.040868
51.509328,-0.160979,-1.299601,0.030640,178.214146
51.509323,-0.160979,-1.279862,0.018740,179.084701
51.509317,-0.160979,-1.289803,0.022025,179.237568
51.509311,-0.160979,-1.319799,0.022467,178.805833
51.509305,-0.160979,-1.189930,0.012474,179.243634
51.509300,-0.160979,-1.329698,0.024543,179.555121
51.509294,-0.160978,-1.279699,0.012568,178.330047
51.509288,-0.160978,-1.289970,-0.007151,180.544544
51.509282,-0.160978,-1.279849,-0.014866,180.090672
51.509277,-0.160978,-1.289717,-0.027007,181.240321
51.509271,-0.160979,-1.189799,-0.021734,181.158933
51.509265,-0.160979,-1.069905,-0.013753,180.934100
51.509261,-0.160979,-0.749933,-0.009655,180.538841
51.509257,-0.160979,-0.459935,-0.007745,180.936449
51.509255,-0.160979,-0.314096,0.040206,180.992893
51.509254,-0.160979,-0.228050,0.097121,164.418076
51.509253,-0.160978,-0.218842,0.170873,149.446021
51.509252,-0.160977,-0.180802,0.236439,134.588232
51.509251,-0.160975,-0.113563,0.264499,120.221154
51.509250,-0.160973,-0.037572,0.264606,106.251309
51.509250,-0.160971,0.036865,0.285294,89.911784
51.509250,-0.160969,0.118716,0.283000,75.362446
51.509251,-0.160967,0.190534,0.241230,59.122181
51.509252,-0.160965,0.204802,0.157225,44.271441
51.509253,-0.160964,0.218603,0.093991,30.754869
51.509254,-0.160964,0.313946,0.040596,15.776895
51.509255,-0.160963,0.409966,-0.003479,-1.040810
51.509257,-0.160963,0.499909,0.007045,0.068501
51.509259,-0.160963,0.689800,0.016493,1.546176
51.509262,-0.160963,1.019873,0.014771,1.193164
51.509267,-0.160963,1.189862,-0.006999,0.466377
51.509272,-0.160963,1.279776,-0.023876,-1.140459
51.509278,-0.160963,1.289808,-0.022250,-0.997143
51.509284,-0.160963,1.249905,-0.012777,-0.979442
51.509289,-0.160964,1.289771,-0.019197,-0.191895
51.509295,-0.160964,1.259086,-0.046217,-1.513544
51.509301,-0.160964,1.258390,-0.063522,-2.690839
51.509306,-0.160964,1.308861,-0.050959,-3.088708
51.509312,-0.160965,1.279771,-0.007637,-1.370538
51.509318,-0.160965,1.239906,0.015300,0.686689
51.509324,-0.160965,1.289938,0.004551,0.727248
51.509329,-0.160965,1.259966,-0.009066,-0.322935
51.509335,-0.160965,1.239968,-0.008548,-0.501610
51.509341,-0.160965,1.189984,-0.006157,-0.288332
51.509346,-0.160965,1.359902,-0.014595,-0.304544
51.509352,-0.160965,1.199831,-0.020142,-0.925283
51.509358,-0.160965,1.289874,-0.005211,-0.998250
51.509363,-0.160965,1.279852,-0.006415,0.535350
51.509369,-0.160965,1.249721,-0.026326,-1.109751
51.509375,-0.160965,1.289789,-0.022198,-1.303863
51.509381,-0.160966,1.349633,-0.028681,-0.668113
51.509387,-0.160966,1.309584,-0.031909,-1.766733
51.509392,-0.160966,1.289518,-0.033649,-1.024841
51.509398,-0.160966,1.288957,-0.051373,-1.964681
51.509404,-0.160967,1.288975,-0.050822,-2.600138
51.509410,-0.160967,1.279364,-0.040268,-1.915694
51.509416,-0.160967,1.259295,-0.041878,-1.689888
51.509421,-0.160968,1.319305,-0.042333,-2.119424
51.509427,-0.160968,1.309534,-0.034923,-1.556211
51.509433,-0.160968,1.369092,-0.048287,-1.499001
51.509439,-0.160969,1.288662,-0.058722,-2.540863
51.509445,-0.160969,1.289061,-0.047555,-2.677259
51.509451,-0.160969,1.329698,-0.026832,-1.548266
51.509457,-0.160969,1.319762,-0.024175,-0.763752
51.509463,-0.160970,1.299819,-0.012733,-1.335100
51.509469,-0.160970,1.289574,0.025699,0.212569
51.509474,-0.160970,1.319033,0.050434,2.070784
51.509480,-0.160969,1.339332,0.039911,2.308553
51.509486,-0.160969,1.289850,0.006237,1.105137
51.509492,-0.160969,1.269781,-0.021642,-0.551066
51.509498,-0.160969,1.269797,-0.011481,-1.401807
51.509504,-0.160969,1.279921,0.013253,0.365717
51.509509,-0.160969,1.269830,-0.002447,0.820762
51.509515,-0.160969,1.289872,-0.006513,-1.041571
51.509521,-0.160969,1.289402,0.032477,0.462945
51.509527,-0.160969,1.279399,0.033175,2.422698
51.509532,-0.160969,1.339621,0.028021,0.547972
51.509538,-0.160968,1.239436,0.037289,1.848632
51.509544,-0.160968,1.298614,0.056496,1.597852
51.509550,-0.160968,1.258147,0.068013,3.384321
51.509555,-0.160967,1.309204,0.035908,2.804247
51.509561,-0.160967,1.269831,0.017912,0.337940
51.509567,-0.160967,1.319790,0.006995,1.278343
51.509573,-0.160967,1.279916,-0.000316,-0.671041
51.509579,-0.160967,1.319957,0.008985,0.642786
51.509585,-0.160967,1.289989,-0.001844,0.137263
51.509590,-0.160967,1.309918,0.006309,-0.301094
51.509596,-0.160967,1.209933,0.008402,0.853029
51.509602,-0.160967,1.259927,0.008916,-0.057297
51.509607,-0.160967,0.979882,-0.000383,0.868230
51.509612,-0.160967,0.809855,0.002232,-0.913025
51.509615,-0.160967,0.459695,0.015689,1.228862
51.509618,-0.160966,0.372288,0.061755,2.680568
51.509619,-0.160966,0.256113,0.108262,16.156374
51.509620,-0.160965,0.237286,0.179425,29.672402
51.509621,-0.160964,0.109245,0.141002,44.517522
51.509622,-0.160963,0.086411,0.200658,59.947269
51.509622,-0.160961,0.038617,0.234949,73.455451
51.509622,-0.160960,-0.032063,0.305212,87.876778
51.509622,-0.160958,-0.126919,0.323108,104.117104
51.509622,-0.160955,-0.128216,0.176635,118.773284
51.509621,-0.160954,-0.193449,0.154235,133.177146
51.509620,-0.160953,-0.209997,0.089136,149.692778
51.509619,-0.160952,-0.206085,0.029034,164.308303
51.509618,-0.160952,-0.369996,0.000629,179.653083
51.509617,-0.160952,-0.439994,0.000991,180.152117
51.509615,-0.160952,-0.809969,0.007016,179.589733
51.509611,-0.160952,-0.999906,-0.003175,179.417662
51.509607,-0.160952,-1.189917,-0.008485,180.946248
51.509601,-0.160952,-1.219835,0.015489,179.870872
51.509596,-0.160952,-1.369718,0.027481,178.674208
51.509590,-0.160952,-1.289893,0.015234,179.027056
51.509584,-0.160952,-1.389950,0.011583,179.619612
51.509578,-0.160952,-1.299434,0.032833,179.425492
51.509572,-0.160951,-1.318563,0.061092,177.679720
51.509566,-0.160951,-1.288915,0.050040,177.014771
51.509560,-0.160951,-1.269776,0.011472,178.538644
51.509554,-0.160950,-1.279980,-0.002901,180.426070
51.509549,-0.160950,-1.329881,-0.010506,179.833626
51.509543,-0.160951,-1.269185,-0.041768,181.071659
51.509537,-0.160951,-1.299017,-0.049056,182.698098
51.509531,-0.160951,-1.329666,-0.028221,181.627300
51.509525,-0.160951,-1.279915,-0.003640,180.804404
51.509519,-0.160951,-1.239734,0.022591,179.521459
51.509514,-0.160951,-1.268794,0.052650,178.390661
51.509508,-0.160951,-1.308108,0.070364,176.856982
51.509502,-0.160950,-1.357567,0.080785,176.985019
51.509496,-0.160950,-1.267411,0.080992,176.204007
51.509490,-0.160949,-1.328341,0.064060,176.483150
51.509484,-0.160949,-1.358556,0.061161,177.994924
51.509478,-0.160948,-1.278346,0.064813,176.849780
51.509473,-0.160948,-1.269111,0.045631,177.345333
51.509467,-0.160947,-1.328434,0.059322,178.536320
51.509461,-0.160947,-1.257422,0.080565,176.349963
51.509455,-0.160946,-1.306422,0.096024,176.317953
51.509449,-0.160946,-1.277650,0.067683,175.274535
51.509444,-0.160945,-1.299687,0.028467,178.660652
51.509438,-0.160945,-1.319755,0.025375,178.829888
51.509432,-0.160945,-1.289895,0.011306,178.967137
51.509426,-0.160945,-1.269950,0.007615,180.028527
51.509420,-0.160945,-1.389829,0.021448,179.284355
51.509414,-0.160945,-1.309752,0.025471,178.947391
51.509408,-0.160944,-1.189847,0.017982,178.824370
51.509403,-0.160944,-1.319969,0.007119,179.443980
51.509397,-0.160944,-1.319949,-0.007488,179.937981
51.509391,-0.160944,-1.259751,-0.023713,180.712101
51.509385,-0.160944,-1.298829,-0.051788,181.444631
51.509380,-0.160945,-1.258901,-0.048699,183.122019
51.509374,-0.160945,-1.259147,-0.043832,181.308635
51.509368,-0.160946,-1.269301,-0.032116,182.678817
51.509363,-0.160946,-1.309916,-0.012718,180.219998
51.509357,-0.160946,-1.229861,-0.018469,180.892519
51.509351,-0.160946,-1.269833,-0.020468,180.828181
51.509345,-0.160946,-1.309871,-0.005814,181.018759
51.509340,-0.160946,-1.249909,0.014634,179.489903
51.509334,-0.160946,-1.259932,0.010575,179.168511
51.509328,-0.160946,-1.269774,-0.015424,179.869691
51.509323,-0.160946,-1.309376,-0.040072,181.522174
51.509317,-0.160946,-1.269223,-0.044420,181.983648
51.509311,-0.160947,-1.259597,-0.025724,182.025147
51.509305,-0.160947,-1.299931,-0.012333,180.314749
51.509299,-0.160947,-1.249875,-0.017640,180.772396
51.509294,-0.160947,-1.259927,-0.011577,180.844762
51.509288,-0.160947,-1.289972,-0.007822,180.208178
51.509282,-0.160947,-1.259964,-0.001201,180.486639
51.509277,-0.160947,-1.189979,0.000822,179.622630
51.509271,-0.160947,-1.189978,-0.007238,180.298173
51.509266,-0.160947,-1.029977,-0.006868,180.398821
51.509261,-0.160947,-0.739989,-0.003967,180.365274
51.509258,-0.160947,-0.489994,-0.002330,180.249019
51.509256,-0.160947,-0.314295,0.041509,180.295869
51.509254,-0.160947,-0.237156,0.100754,164.657112
51.509253,-0.160946,-0.219600,0.170238,149.307217
51.509252,-0.160945,-0.158490,0.203506,135.125810
51.509252,-0.160944,-0.107058,0.255784,120.696867
51.509251,-0.160942,-0.032159,0.275359,104.726526
51.509251,-0.160940,0.037792,0.255270,88.596236
51.509251,-0.160938,0.115979,0.285210,74.561263
51.509252,-0.160936,0.117882,0.159344,61.180901
51.509252,-0.160935,0.179314,0.140689,45.831336
51.509253,-0.160934,0.228991,0.093924,30.403942
51.509254,-0.160933,0.256028,0.031582,14.199720
51.509255,-0.160933,0.289940,-0.004502,-0.135456
51.509257,-0.160933,0.519657,-0.018535,-1.643594
51.509259,-0.160933,0.749641,-0.012204,-2.441862
51.509262,-0.160933,1.089971,0.004234,0.576512
51.509267,-0.160933,1.179969,0.004573,-0.131333
51.509272,-0.160933,1.159842,0.018044,0.575431
51.509278,-0.160933,1.309795,0.004948,1.207156
51.509284,-0.160933,1.289939,-0.010264,-0.774305
51.509289,-0.160933,1.249843,0.012440,-0.137463
51.509295,-0.160933,1.278498,0.055705,1.277955
51.509301,-0.160933,1.318239,0.065025,3.711716
51.509307,-0.160932,1.329539,0.032873,1.936175
51.509313,-0.160932,1.309894,0.016030,0.896547
51.509318,-0.160932,1.299972,0.003798,0.505718
51.509324,-0.160932,1.269996,-0.000576,-0.170900
51.509330,-0.160932,1.289666,-0.019368,0.118949
51.509336,-0.160932,1.249678,-0.020667,-1.839756
51.509341,-0.160932,1.299970,0.005547,-0.055126
51.509347,-0.160932,1.289928,-0.001330,0.544120
51.509353,-0.160932,1.289908,-0.015361,-0.662316
51.509359,-0.160932,1.309928,-0.013468,-0.702244
51.509365,-0.160932,1.289686,-0.024746,-0.475874
51.509371,-0.160932,1.249311,-0.041323,-1.722622
51.509376,-0.160933,1.279299,-0.042154,-2.066275
51.509382,-0.160933,1.279712,-0.021214,-1.708268
51.509388,-0.160933,1.239912,0.008193,-0.191142
51.509393,-0.160933,1.279867,0.018242,0.948318
51.509399,-0.160933,1.309928,0.002128,0.684852
51.509405,-0.160933,1.229974,-0.003508,-0.498722
51.509410,-0.160933,1.229997,0.001970,0.171867
51.509416,-0.160933,1.290000,0.000615,0.011657
51.509422,-0.160933,1.269992,0.003600,0.042972
51.509427,-0.160933,1.389983,0.006926,0.281897
51.509434,-0.160933,1.309992,0.002982,0.289058
51.509440,-0.160933,1.349996,0.001891,-0.028221
51.509446,-0.160933,1.349996,0.002424,0.188746
51.509452,-0.160933,1.249975,0.005762,0.017020
51.509457,-0.160933,1.259970,0.003065,0.511199
51.509463,-0.160933,1.279991,-0.004716,-0.232452
51.509469,-0.160933,1.319922,-0.012115,-0.189774
51.509475,-0.160933,1.299922,-0.012264,-0.862022
51.509481,-0.160933,1.319853,-0.016239,-0.219022
51.509486,-0.160933,1.229630,-0.029876,-1.190779
51.509492,-0.160933,1.319491,-0.036642,-1.592905
51.509498,-0.160933,1.299711,-0.025115,-1.588491
51.509504,-0.160934,1.309907,-0.015525,-0.625584
51.509510,-0.160934,1.279821,-0.020914,-0.732514
51.509515,-0.160934,1.269687,-0.028052,-1.139922
51.509521,-0.160934,1.329654,-0.030257,-1.391414
51.509527,-0.160934,1.299518,-0.034682,-1.215711
51.509533,-0.160935,1.279272,-0.043120,-1.841868
51.509539,-0.160935,1.339490,-0.012358,-2.019162
51.509545,-0.160935,1.259890,0.015790,0.961942
51.509550,-0.160935,1.299604,-0.016646,0.474163
51.509556,-0.160935,1.319472,-0.036368,-1.941854
51.509562,-0.160935,1.259813,-0.020905,-1.215789
51.509568,-0.160935,1.259503,-0.031398,-0.685516
51.509573,-0.160936,1.209062,-0.047610,-2.170496
51.509579,-0.160936,1.279410,-0.034658,-2.339494
51.509585,-0.160936,1.269625,-0.028564,-0.763942
51.509590,-0.160936,1.239595,-0.030441,-1.813693
51.509596,-0.160937,1.289039,-0.044608,-0.999754
51.509602,-0.160937,1.198722,-0.054907,-2.964218
51.509607,-0.160937,1.048907,-0.047543,-2.280978
51.509612,-0.160938,0.819288,-0.033079,-2.909427
51.509615,-0.160938,0.519675,-0.018191,-1.714779
51.509618,-0.160938,0.344427,0.036260,-2.294736
51.509619,-0.160938,0.192660,0.078482,14.314237
51.509620,-0.160937,0.264810,0.193695,30.013574
51.509621,-0.160936,0.174718,0.203231,42.353395
51.509622,-0.160934,0.100783,0.214841,56.275189
51.509623,-0.160933,0.039968,0.274208,73.461961
51.509623,-0.160931,-0.035675,0.275347,89.952329
51.509623,-0.160929,-0.091965,0.230500,104.812392
51.509622,-0.160927,-0.139390,0.193084,118.689587
51.509622,-0.160926,-0.154923,0.122888,132.962322
51.509621,-0.160925,-0.238242,0.098747,150.193369
51.509620,-0.160924,-0.255439,0.033638,164.780287
51.509619,-0.160924,-0.359936,-0.005440,180.215748
51.509617,-0.160924,-0.559856,-0.012488,181.516070
51.509615,-0.160924,-0.839880,-0.014126,181.039629
51.509611,-0.160924,-0.959558,-0.026642,180.887557
51.509607,-0.160924,-1.239489,-0.029068,182.293198
51.509601,-0.160925,-1.259985,-0.004734,180.393646
51.509595,-0.160925,-1.299894,-0.012130,180.036933
51.509589,-0.160925,-1.319797,-0.023150,181.032320
51.509583,-0.160925,-1.219894,-0.005804,180.977481
51.509578,-0.160925,-1.299877,0.016544,179.567751
51.509572,-0.160925,-1.249887,0.007162,178.973882
51.509567,-0.160925,-1.299958,0.001867,180.369542
51.509561,-0.160925,-1.289960,0.010005,179.465880
51.509555,-0.160925,-1.229951,-0.002983,179.645332
51.509549,-0.160925,-1.329735,-0.024614,180.632545
51.509543,-0.160925,-1.329698,-0.027431,181.488360
51.509537,-0.160925,-1.299262,-0.039251,180.875302
51.509532,-0.160925,-1.289211,-0.042144,182.585518
51.509526,-0.160926,-1.309816,-0.021318,181.159162
51.509520,-0.160926,-1.249861,-0.018383,180.705719
51.509514,-0.160926,-1.329836,-0.020817,180.979534
51.509508,-0.160926,-1.309927,-0.006271,180.814130
51.509502,-0.160926,-1.219935,-0.005638,179.734409
51.509497,-0.160926,-1.339934,-0.007885,180.795171
51.509491,-0.160926,-1.269998,0.000684,179.879163
51.509485,-0.160926,-1.299997,-0.002373,180.059122
51.509479,-0.160926,-1.339968,-0.008102,180.150059
51.509473,-0.160926,-1.279954,-0.010775,180.542800
51.509468,-0.160926,-1.299539,0.019206,180.421839
51.509462,-0.160926,-1.269137,0.046822,177.884725
51.509456,-0.160926,-1.219441,0.035764,177.889568
51.509451,-0.160926,-1.299450,0.036844,178.750587
51.509445,-0.160925,-1.238816,0.053245,178.001172
51.509439,-0.160925,-1.278950,0.049323,177.076640
51.509433,-0.160925,-1.269782,0.014795,178.506318
51.509428,-0.160925,-1.279898,-0.013043,180.158535
51.509422,-0.160925,-1.339527,-0.034033,181.009152
51.509416,-0.160925,-1.299286,-0.043076,181.901636
51.509410,-0.160925,-1.269256,-0.043447,181.896066
51.509404,-0.160926,-1.259381,-0.039126,182.024922
51.509399,-0.160926,-1.349757,-0.019024,181.533979
51.509393,-0.160926,-1.269992,0.002204,180.081045
51.509387,-0.160926,-1.329871,0.015916,179.720045
51.509381,-0.160926,-1.269855,0.018206,178.908616
51.509375,-0.160926,-1.299800,0.021112,179.448603
51.509369,-0.160926,-1.299565,0.033423,178.690284
51.509364,-0.160925,-1.239231,0.042994,178.363248
51.509358,-0.160925,-1.269228,0.043505,177.662701
51.509352,-0.160925,-1.309551,0.002079,178.411042
51.509346,-0.160925,-1.209815,-0.016579,181.407033
51.509341,-0.160925,-1.309978,-0.006894,180.163174
51.509335,-0.160925,-1.319889,-0.016063,180.439844
51.509329,-0.160925,-1.289910,-0.010795,180.954672
51.509323,-0.160925,-1.319995,0.002477,180.004323
51.509317,-0.160925,-1.239957,-0.004558,179.780655
51.509312,-0.160925,-1.329890,-0.016975,180.640572
51.509306,-0.160925,-1.319272,-0.038983,180.822011
51.509300,-0.160925,-1.318844,-0.055078,182.563064
51.509294,-0.160926,-1.269474,-0.016640,182.219803
51.509288,-0.160926,-1.209945,0.010578,179.282146
51.509283,-0.160926,-1.329990,0.004839,179.716101
51.509277,-0.160926,-1.269936,0.010348,179.866998
51.509271,-0.160926,-1.189625,0.027731,179.199294
51.509266,-0.160926,-1.089564,0.030391,178.129950
51.509261,-0.160925,-0.719797,0.017084,178.674591
51.509258,-0.160925,-0.499842,0.012568,178.606105
51.509256,-0.160925,-0.281882,0.051459,178.513155
51.509254,-0.160925,-0.273389,0.139824,160.795478
51.509253,-0.160924,-0.188038,0.162729,145.029991
51.509252,-0.160923,-0.139475,0.192881,133.223924
51.509252,-0.160921,-0.105252,0.267860,118.518589
51.509251,-0.160919,-0.030558,0.265735,104.384633
51.509251,-0.160917,0.036755,0.245258,88.735285
51.509251,-0.160916,0.097490,0.227962,74.218370
51.509252,-0.160914,0.157120,0.204734,59.472869
51.509252,-0.160912,0.179745,0.140280,45.519463
51.509253,-0.160911,0.237109,0.101512,30.420242
51.509254,-0.160911,0.264727,0.032230,15.933731
51.509255,-0.160911,0.289775,-0.011371,-2.050662
51.509257,-0.160911,0.589373,-0.027124,-2.443672
51.509259,-0.160911,0.749298,-0.032070,-2.826333
51.509263,-0.160911,0.939644,-0.023734,-2.075176
51.509267,-0.160911,1.249722,-0.025283,-0.818571
51.509272,-0.160911,1.339499,-0.036613,-1.499381
51.509278,-0.160912,1.189616,-0.029992,-1.632026
51.509284,-0.160912,1.309673,-0.029274,-1.256379
51.509290,-0.160912,1.368908,-0.050971,-1.304547
51.509296,-0.160912,1.306940,-0.087294,-2.960278
51.509302,-0.160913,1.276790,-0.089299,-4.682203
51.509307,-0.160914,1.317998,-0.072578,-3.319359
51.509313,-0.160914,1.298949,-0.048670,-2.984454
51.509319,-0.160915,1.269625,-0.030793,-1.307175
51.509325,-0.160915,1.269581,-0.032615,-1.471571
51.509331,-0.160915,1.299083,-0.046897,-1.471612
51.509336,-0.160915,1.319130,-0.045057,-2.663343
51.509342,-0.160916,1.349778,-0.023832,-1.249181
51.509348,-0.160916,1.299897,-0.016316,-0.773869
51.509354,-0.160916,1.299895,0.001362,-0.664414
51.509360,-0.160916,1.289660,-0.010151,0.784484
51.509366,-0.160916,1.219734,-0.019410,-1.686449
51.509371,-0.160916,1.339906,-0.012705,-0.136934
51.509377,-0.160916,1.259588,-0.030675,-0.949576
51.509383,-0.160916,1.399615,-0.028231,-1.840579
51.509389,-0.160917,1.309344,-0.034187,-0.470495
51.509395,-0.160917,1.318920,-0.053156,-2.520783
51.509401,-0.160917,1.299507,-0.032503,-2.095025
51.509407,-0.160918,1.259938,-0.010980,-0.770550
51.509413,-0.160918,1.289793,0.013565,-0.228065
51.509419,-0.160918,1.309791,0.018604,1.433199
51.509424,-0.160917,1.319653,-0.019038,0.194342
51.509430,-0.160918,1.219667,-0.024018,-1.847402
51.509436,-0.160918,1.319905,-0.014880,-0.408835
51.509442,-0.160918,1.249925,-0.010708,-0.882983
51.509447,-0.160918,1.279954,-0.008702,-0.098726
51.509453,-0.160918,1.259563,-0.029713,-0.680364
51.509459,-0.160918,1.219406,-0.037694,-2.022315
51.509464,-0.160918,1.289773,-0.016946,-1.518765
51.509470,-0.160919,1.299446,0.026972,0.013305
51.509476,-0.160918,1.249456,0.021890,2.364846
51.509482,-0.160918,1.289616,-0.025923,-0.357429
51.509487,-0.160918,1.299443,-0.037449,-1.945741
51.509493,-0.160919,1.329781,-0.009155,-1.355748
51.509499,-0.160919,1.289966,0.004738,0.566831
51.509505,-0.160919,1.369982,-0.006465,-0.145928
51.509511,-0.160919,1.249837,-0.017897,-0.394826
51.509517,-0.160919,1.279842,-0.011009,-1.245909
51.509522,-0.160919,1.279974,0.007907,0.260192
51.509528,-0.160919,1.309977,0.003250,0.447710
51.509534,-0.160919,1.279854,-0.015363,-0.163394
51.509540,-0.160919,1.279807,-0.021553,-1.212040
51.509546,-0.160919,1.269578,-0.029681,-0.717567
51.509551,-0.160919,1.338144,-0.067181,-1.960981
51.509557,-0.160920,1.238566,-0.050894,-3.787257
51.509563,-0.160920,1.269177,-0.040867,-0.918741
51.509569,-0.160921,1.268878,-0.052663,-2.769813
51.509574,-0.160921,1.279611,-0.024849,-1.983430
51.509580,-0.160921,1.289993,-0.004126,-0.241556
51.509586,-0.160921,1.329967,-0.007932,-0.124986
51.509592,-0.160921,1.259181,-0.037671,-0.558466
51.509597,-0.160921,1.218800,-0.053576,-2.868717
51.509603,-0.160922,1.239327,-0.040333,-2.165269
51.509609,-0.160922,1.009563,-0.029640,-1.562711
51.509613,-0.160922,0.829790,-0.015138,-1.800621
51.509617,-0.160922,0.539719,-0.013601,-0.289700
51.509619,-0.160923,0.299639,-0.014680,-2.597367
51.509621,-0.160923,0.039971,-0.001317,-3.012184
51.509621,-0.160923,0.000000,0.000000,-0.761517
