0.000000,51.509254,-0.161045,-0.009689,0.000115,-0.026913
0.500000,51.509254,-0.161043,0.131215,-0.016805,-0.062373
1.000000,51.509255,-0.161045,0.378593,0.008960,-0.021192
1.500000,51.509257,-0.161044,0.562229,-0.014167,-0.035084
2.000000,51.509259,-0.161044,0.762189,0.005285,-0.031972
2.500000,51.509263,-0.161045,1.008577,0.011055,0.009801
3.000000,51.509267,-0.161044,1.152801,0.015092,0.070414
3.500000,51.509273,-0.161043,1.310066,-0.019021,-0.010760
4.000000,51.509279,-0.161043,1.240584,-0.010770,-0.098636
4.500000,51.509284,-0.161042,1.208838,-0.001634,-0.102627
5.000000,51.509290,-0.161042,1.298021,0.003839,-0.051736
5.500000,51.509296,-0.161042,1.334852,-0.024773,-0.299470
6.000000,51.509302,-0.161041,1.301554,0.030750,0.116637
6.500000,51.509308,-0.161041,1.215948,0.025150,0.398833
7.000000,51.509314,-0.161041,1.275238,-0.009069,0.193733
7.500000,51.509319,-0.161040,1.263226,0.011049,0.344926
8.000000,51.509325,-0.161040,1.275504,0.000858,0.309714
8.500000,51.509331,-0.161039,1.222121,-0.003027,0.210199
9.000000,51.509337,-0.161039,1.278839,0.020070,0.385672
9.500000,51.509343,-0.161039,1.234835,0.038820,0.810902
10.000000,51.509349,-0.161038,1.218358,0.037203,1.156335
10.500000,51.509354,-0.161038,1.198489,0.016696,1.131294
11.000000,51.509360,-0.161037,1.269738,0.000205,0.894001
11.500000,51.509366,-0.161037,1.233861,0.029520,1.130454
12.000000,51.509371,-0.161037,1.271865,-0.005890,0.749045
12.500000,51.509377,-0.161037,1.241519,-0.017185,0.312960
13.000000,51.509383,-0.161037,1.257963,-0.001816,0.195801
13.500000,51.509389,-0.161037,1.222032,0.009153,0.227921
14.000000,51.509394,-0.161038,1.246825,0.014287,0.293199
14.500000,51.509400,-0.161038,1.187676,-0.038327,-0.412422
15.000000,51.509406,-0.161038,1.239268,-0.037013,-0.871912
15.500000,51.509411,-0.161038,1.269748,-0.015811,-0.951385
16.000000,51.509417,-0.161039,1.262284,-0.003783,-0.878536
16.500000,51.509423,-0.161039,1.276319,-0.008782,-0.874899
17.000000,51.509429,-0.161039,1.299154,-0.002184,-0.729413
17.500000,51.509435,-0.161040,1.247043,-0.003369,-0.641369
18.000000,51.509440,-0.161040,1.281401,0.005162,-0.430938
18.500000,51.509446,-0.161040,1.198041,-0.008344,-0.471492
19.000000,51.509452,-0.161040,1.289584,0.003386,-0.312417
19.500000,51.509458,-0.161040,1.225040,0.015701,0.001149
20.000000,51.509464,-0.161040,1.188664,0.012188,0.200147
20.500000,51.509469,-0.161039,1.214151,0.007544,0.312781
21.000000,51.509475,-0.161039,1.241429,0.018824,0.536927
21.500000,51.509481,-0.161039,1.207215,0.010408,0.615696
22.000000,51.509486,-0.161039,1.182178,-0.025906,0.138558
22.500000,51.509492,-0.161039,1.233664,-0.017286,-0.124430
23.000000,51.509497,-0.161039,1.212557,-0.018813,-0.370868
23.500000,51.509503,-0.161039,1.253513,0.019962,0.066929
24.000000,51.509509,-0.161039,1.251116,0.008222,0.160544
24.500000,51.509514,-0.161039,1.273517,-0.006264,0.026872
25.000000,51.509520,-0.161039,1.286849,-0.007772,-0.072380
25.500000,51.509526,-0.161039,1.256594,-0.039665,-0.638389
26.000000,51.509532,-0.161039,1.242101,-0.001084,-0.457949
26.500000,51.509538,-0.161039,1.251769,-0.023357,-0.717461
27.000000,51.509543,-0.161040,1.254001,-0.007354,-0.691666
27.500000,51.509549,-0.161040,1.268835,-0.050302,-1.291136
28.000000,51.509555,-0.161040,1.249646,-0.032952,-1.463448
28.500000,51.509561,-0.161040,1.247963,-0.038416,-1.663689
29.000000,51.509567,-0.161040,1.255970,-0.047563,-1.965276
29.500000,51.509572,-0.161040,1.253709,-0.029675,-1.915618
30.000000,51.509578,-0.161040,1.270350,-0.008006,-1.560223
30.500000,51.509584,-0.161041,1.242904,-0.012206,-1.372332
31.000000,51.509590,-0.161041,1.220524,-0.011313,-1.161169
31.500000,51.509596,-0.161041,1.230839,0.000077,-0.834542
32.000000,51.509601,-0.161041,1.206520,-0.017805,-0.799272
32.500000,51.509607,-0.161041,0.970711,-0.023281,-0.882669
33.000000,51.509611,-0.161041,0.784131,-0.013244,-0.868388
33.500000,51.509615,-0.161041,0.497289,-0.021314,-1.391168
34.000000,51.509617,-0.161041,0.217000,0.003945,-0.869828
34.500000,51.509618,-0.161041,0.228555,0.069339,4.558964
35.000000,51.509620,-0.161040,0.183297,0.130755,12.209467
35.500000,51.509621,-0.161039,0.167690,0.180828,23.785375
36.000000,51.509621,-0.161037,0.089232,0.212959,38.623273
36.500000,51.509622,-0.161035,0.034725,0.232226,53.864387
37.000000,51.509622,-0.161033,-0.027620,0.220085,69.422162
37.500000,51.509622,-0.161031,-0.090269,0.241884,86.401254
38.000000,51.509621,-0.161029,-0.124685,0.227316,104.597781
38.500000,51.509621,-0.161028,-0.164887,0.169060,122.631189
39.000000,51.509620,-0.161027,-0.228860,0.129405,141.659752
39.500000,51.509619,-0.161026,-0.206780,0.069331,159.406072
40.000000,51.509618,-0.161025,-0.285830,0.007501,177.742716
40.500000,51.509617,-0.161025,-0.525046,0.033973,190.177841
41.000000,51.509614,-0.161025,-0.738692,-0.019102,200.435644
41.500000,51.509611,-0.161025,-0.985238,0.011978,206.404965
42.000000,51.509606,-0.161025,-1.212926,0.000982,209.919039
42.500000,51.509601,-0.161026,-1.327623,0.020100,210.870845
43.000000,51.509595,-0.161025,-1.283251,0.019543,210.086710
43.500000,51.509589,-0.161025,-1.290013,-0.002304,208.397717
44.000000,51.509583,-0.161025,-1.290124,-0.022935,206.009293
44.500000,51.509577,-0.161025,-1.239011,0.001290,202.576654
45.000000,51.509571,-0.161025,-1.200353,0.024135,198.463753
45.500000,51.509566,-0.161025,-1.284777,-0.019384,194.985769
46.000000,51.509560,-0.161025,-1.247379,0.005561,191.090046
46.500000,51.509554,-0.161025,-1.215690,-0.035700,188.094848
47.000000,51.509549,-0.161024,-1.198569,-0.028248,185.058670
47.500000,51.509543,-0.161024,-1.204753,-0.031425,182.380514
48.000000,51.509538,-0.161024,-1.296329,-0.031602,180.010802
48.500000,51.509532,-0.161024,-1.284037,-0.001960,177.564664
49.000000,51.509526,-0.161024,-1.250620,-0.025067,176.020026
49.500000,51.509520,-0.161024,-1.269332,0.035049,173.803431
50.000000,51.509514,-0.161023,-1.262045,0.000444,172.740822
50.500000,51.509508,-0.161023,-1.249895,0.018308,171.715915
51.000000,51.509503,-0.161023,-1.255448,0.004056,171.239123
51.500000,51.509497,-0.161022,-1.196450,0.003612,171.010827
52.000000,51.509492,-0.161022,-1.244992,0.017734,170.885810
52.500000,51.509486,-0.161022,-1.269299,0.008210,171.112084
53.000000,51.509480,-0.161022,-1.196614,-0.013002,171.791043
53.500000,51.509475,-0.161023,-1.291933,0.004433,172.279331
54.000000,51.509469,-0.161023,-1.236587,-0.007348,173.065349
54.500000,51.509463,-0.161023,-1.265902,-0.004804,173.857190
55.000000,51.509457,-0.161023,-1.308903,0.004776,174.489676
55.500000,51.509451,-0.161023,-1.221710,0.026425,174.808978
56.000000,51.509446,-0.161022,-1.295522,-0.005472,175.689152
56.500000,51.509440,-0.161022,-1.269803,0.015481,176.129563
57.000000,51.509434,-0.161022,-1.307685,0.004620,176.748874
57.500000,51.509428,-0.161021,-1.280663,0.036251,176.898828
58.000000,51.509422,-0.161021,-1.234897,0.069158,176.564714
58.500000,51.509416,-0.161020,-1.265079,0.027324,176.969002
59.000000,51.509410,-0.161020,-1.284084,0.010396,177.576173
59.500000,51.509405,-0.161019,-1.245506,0.017631,177.930866
60.000000,51.509399,-0.161019,-1.282550,0.017338,178.283624
60.500000,51.509393,-0.161019,-1.285988,-0.004708,178.947061
61.000000,51.509387,-0.161019,-1.227908,-0.028230,179.773597
61.500000,51.509381,-0.161019,-1.238032,-0.038736,180.595398
62.000000,51.509375,-0.161019,-1.249369,-0.026168,181.067459
62.500000,51.509369,-0.161019,-1.250893,-0.009744,181.137728
63.000000,51.509364,-0.161019,-1.266669,-0.037505,181.659800
63.500000,51.509358,-0.161019,-1.252477,-0.004863,181.512063
64.000000,51.509352,-0.161020,-1.192288,-0.036827,181.886338
64.500000,51.509346,-0.161020,-1.241397,-0.017602,181.848771
65.000000,51.509341,-0.161020,-1.262690,0.003980,181.480630
65.500000,51.509335,-0.161020,-1.233474,0.043829,180.559386
66.000000,51.509329,-0.161020,-1.254683,0.051323,179.721353
66.500000,51.509323,-0.161020,-1.249249,0.015441,179.562387
67.000000,51.509317,-0.161020,-1.202557,0.005271,179.555777
67.500000,51.509312,-0.161020,-1.282600,-0.000933,179.606786
68.000000,51.509306,-0.161019,-1.222911,0.002200,179.598387
68.500000,51.509300,-0.161019,-1.257023,0.000212,179.671917
69.000000,51.509294,-0.161019,-1.214667,-0.004558,179.760795
69.500000,51.509289,-0.161019,-1.271109,-0.001593,179.804116
70.000000,51.509283,-0.161019,-1.278050,0.008040,179.713047
70.500000,51.509277,-0.161019,-1.240121,0.007836,179.670127
71.000000,51.509271,-0.161019,-1.251585,0.007314,179.595076
71.500000,51.509266,-0.161018,-1.023195,-0.019183,180.060264
72.000000,51.509261,-0.161018,-0.710568,0.012819,179.703858
72.500000,51.509257,-0.161018,-0.549522,0.011087,179.380682
73.000000,51.509255,-0.161018,-0.262947,0.010729,178.977279
73.500000,51.509253,-0.161018,-0.211193,0.081814,172.664020
74.000000,51.509252,-0.161017,-0.134955,0.115655,165.299845
74.500000,51.509251,-0.161016,-0.094745,0.152777,154.511072
75.000000,51.509251,-0.161015,-0.100038,0.256997,140.971298
75.500000,51.509250,-0.161012,-0.014545,0.238638,124.436192
76.000000,51.509250,-0.161011,0.042968,0.259589,107.052960
76.500000,51.509250,-0.161009,0.103358,0.234764,89.954861
77.000000,51.509251,-0.161007,0.115733,0.221496,72.459098
77.500000,51.509251,-0.161006,0.200016,0.187494,55.549426
78.000000,51.509252,-0.161005,0.253227,0.153819,39.018025
78.500000,51.509253,-0.161004,0.254893,0.067343,20.987709
79.000000,51.509255,-0.161004,0.280007,0.001719,2.510521
79.500000,51.509256,-0.161004,0.516468,-0.000494,-10.943337
80.000000,51.509259,-0.161004,0.738348,-0.011035,-20.654214
80.500000,51.509262,-0.161004,0.982962,0.003394,-26.611788
81.000000,51.509267,-0.161004,1.192949,-0.036498,-30.470196
81.500000,51.509272,-0.161004,1.293483,-0.025934,-31.805201
82.000000,51.509278,-0.161004,1.246374,-0.020555,-31.296975
82.500000,51.509284,-0.161004,1.275225,-0.023805,-29.491502
83.000000,51.509289,-0.161004,1.230112,-0.004889,-26.498159
83.500000,51.509295,-0.161005,1.240002,0.006502,-22.810774
84.000000,51.509301,-0.161005,1.304030,-0.040838,-19.529487
84.500000,51.509307,-0.161005,1.280127,-0.030883,-15.853880
85.000000,51.509313,-0.161005,1.260664,-0.000485,-11.761319
85.500000,51.509318,-0.161005,1.233041,0.020390,-7.646420
86.000000,51.509324,-0.161005,1.252994,0.029142,-3.828721
86.500000,51.509330,-0.161005,1.266727,0.014714,-0.624665
87.000000,51.509336,-0.161005,1.250862,-0.008419,1.759242
87.500000,51.509341,-0.161006,1.242593,-0.053424,3.070259
88.000000,51.509347,-0.161006,1.280515,-0.036843,4.436894
88.500000,51.509353,-0.161006,1.241727,-0.036543,5.477849
89.000000,51.509359,-0.161006,1.254470,-0.012238,6.564142
89.500000,51.509365,-0.161006,1.271571,-0.023401,7.084695
90.000000,51.509371,-0.161006,1.258375,0.022671,8.064440
90.500000,51.509376,-0.161006,1.255440,-0.015389,8.077508
91.000000,51.509382,-0.161006,1.257012,-0.001128,8.137206
91.500000,51.509388,-0.161006,1.219598,-0.032191,7.508604
92.000000,51.509394,-0.161006,1.282236,-0.003299,7.265037
92.500000,51.509400,-0.161007,1.225695,-0.031024,6.429587
93.000000,51.509405,-0.161007,1.304658,-0.015686,5.845043
93.500000,51.509411,-0.161007,1.278269,0.005752,5.477015
94.000000,51.509417,-0.161007,1.252884,0.024528,5.317767
94.500000,51.509423,-0.161007,1.234699,0.009972,4.839742
95.000000,51.509429,-0.161007,1.220483,0.044843,4.918601
95.500000,51.509435,-0.161007,1.219099,-0.011410,3.977613
96.000000,51.509440,-0.161007,1.262820,-0.011883,3.167482
96.500000,51.509446,-0.161007,1.276926,0.021667,2.912787
97.000000,51.509452,-0.161007,1.211832,0.029831,2.750428
97.500000,51.509458,-0.161007,1.233505,0.010359,2.264218
98.000000,51.509464,-0.161006,1.220852,0.021949,2.037973
98.500000,51.509469,-0.161006,1.272597,0.024574,1.860644
99.000000,51.509475,-0.161006,1.241408,0.048333,2.068765
99.500000,51.509481,-0.161006,1.249147,0.050980,2.251535
100.000000,51.509487,-0.161006,1.183741,-0.010516,1.408150
100.500000,51.509492,-0.161006,1.285603,0.018476,1.244228
101.000000,51.509498,-0.161006,1.254390,-0.023635,0.405576
101.500000,51.509504,-0.161006,1.199238,0.008681,0.263966
102.000000,51.509509,-0.161006,1.290494,0.006509,0.125279
102.500000,51.509515,-0.161006,1.270710,-0.015454,-0.342167
103.000000,51.509521,-0.161006,1.173602,0.041553,0.205180
103.500000,51.509527,-0.161006,1.231517,-0.020880,-0.346409
104.000000,51.509532,-0.161007,1.195342,-0.030812,-0.858204
104.500000,51.509538,-0.161007,1.266975,-0.029660,-1.246052
105.000000,51.509543,-0.161008,1.223852,-0.029016,-1.519129
105.500000,51.509549,-0.161008,1.298868,-0.032512,-1.761954
106.000000,51.509555,-0.161008,1.285145,-0.006089,-1.534127
106.500000,51.509561,-0.161009,1.236478,-0.004041,-1.353102
107.000000,51.509566,-0.161009,1.295348,0.000490,-1.057256
107.500000,51.509572,-0.161009,1.206831,0.008915,-0.702358
108.000000,51.509578,-0.161009,1.266223,0.002322,-0.463827
108.500000,51.509583,-0.161009,1.301332,-0.015663,-0.528425
109.000000,51.509589,-0.161010,1.322125,-0.014395,-0.566755
109.500000,51.509595,-0.161011,1.279275,-0.004863,-0.455984
110.000000,51.509601,-0.161011,1.212707,-0.038419,-0.877297
110.500000,51.509607,-0.161011,1.056969,-0.023418,-0.996028
111.000000,51.509612,-0.161011,0.741714,-0.014296,-1.029765
111.500000,51.509615,-0.161012,0.501687,-0.000929,-0.787373
112.000000,51.509617,-0.161012,0.331718,-0.006094,-1.384429
112.500000,51.509619,-0.161012,0.201214,0.062849,4.030298
113.000000,51.509620,-0.161011,0.156283,0.148601,13.894169
113.500000,51.509621,-0.161010,0.117636,0.206376,29.117185
114.000000,51.509621,-0.161009,0.117395,0.204902,40.391450
114.500000,51.509622,-0.161006,0.022538,0.239979,56.251450
115.000000,51.509622,-0.161004,-0.036921,0.258156,73.393213
115.500000,51.509622,-0.161003,-0.086011,0.222847,90.429033
116.000000,51.509622,-0.161001,-0.120921,0.204314,107.980224
116.500000,51.509621,-0.161000,-0.200272,0.197218,124.399083
117.000000,51.509620,-0.160999,-0.217465,0.123119,142.603983
117.500000,51.509619,-0.160998,-0.246881,0.065492,161.006107
118.000000,51.509618,-0.160998,-0.317834,0.017515,177.984331
118.500000,51.509617,-0.160997,-0.480865,0.011899,190.934048
119.000000,51.509614,-0.160997,-0.778581,0.022319,199.857565
119.500000,51.509611,-0.160997,-1.074107,0.053072,205.065165
120.000000,51.509606,-0.160997,-1.199389,0.019270,208.362611
120.500000,51.509600,-0.160996,-1.275424,0.003361,209.679394
121.000000,51.509594,-0.160996,-1.230876,-0.013374,209.469985
121.500000,51.509589,-0.160996,-1.202440,0.032964,207.215715
122.000000,51.509583,-0.160996,-1.291319,0.015567,204.445518
122.500000,51.509577,-0.160996,-1.259554,0.009759,201.137181
123.000000,51.509571,-0.160996,-1.275017,-0.032857,198.172816
123.500000,51.509566,-0.160996,-1.260368,-0.017000,194.651271
124.000000,51.509560,-0.160996,-1.251881,-0.020641,191.232420
124.500000,51.509554,-0.160997,-1.269046,-0.032208,188.117747
125.000000,51.509548,-0.160997,-1.265013,-0.051084,185.470929
125.500000,51.509542,-0.160997,-1.254642,-0.014543,182.503299
126.000000,51.509536,-0.160997,-1.244496,0.009148,179.643064
126.500000,51.509531,-0.160997,-1.247693,0.034992,176.817759
127.000000,51.509525,-0.160996,-1.269024,0.004429,175.019429
127.500000,51.509519,-0.160996,-1.218655,0.016398,173.323664
128.000000,51.509513,-0.160995,-1.247045,-0.008880,172.497191
128.500000,51.509507,-0.160995,-1.304738,0.031022,171.338808
129.000000,51.509501,-0.160995,-1.238305,0.005805,170.966280
129.500000,51.509495,-0.160995,-1.185868,-0.018343,171.216402
130.000000,51.509490,-0.160995,-1.249239,-0.015026,171.553119
130.500000,51.509484,-0.160995,-1.236111,-0.009799,171.954408
131.000000,51.509478,-0.160995,-1.214352,-0.018636,172.594048
131.500000,51.509473,-0.160995,-1.235462,-0.020525,173.337162
132.000000,51.509467,-0.160995,-1.248809,-0.006549,173.903490
132.500000,51.509461,-0.160995,-1.331480,0.023759,174.094304
133.000000,51.509455,-0.160995,-1.235272,0.031998,174.275585
133.500000,51.509449,-0.160995,-1.228640,0.050785,174.274696
134.000000,51.509443,-0.160995,-1.268000,0.056508,174.356256
134.500000,51.509438,-0.160995,-1.253192,0.044139,174.656015
135.000000,51.509432,-0.160995,-1.230907,0.023347,175.272593
135.500000,51.509426,-0.160995,-1.223790,-0.008347,176.332361
136.000000,51.509420,-0.160995,-1.220302,-0.002415,177.168800
136.500000,51.509415,-0.160995,-1.285469,0.017974,177.586751
137.000000,51.509409,-0.160994,-1.254966,0.022927,177.924131
137.500000,51.509403,-0.160994,-1.261406,0.023080,178.211415
138.000000,51.509397,-0.160994,-1.230818,0.008784,178.678794
138.500000,51.509391,-0.160994,-1.217348,0.026893,178.761928
139.000000,51.509386,-0.160994,-1.271092,0.030357,178.826565
139.500000,51.509380,-0.160994,-1.282447,0.026545,178.923550
140.000000,51.509374,-0.160993,-1.222026,0.026669,178.968701
140.500000,51.509368,-0.160993,-1.238636,0.026130,179.056199
141.000000,51.509362,-0.160993,-1.263302,0.033389,178.984417
141.500000,51.509356,-0.160993,-1.199742,-0.015674,179.677070
142.000000,51.509351,-0.160993,-1.185155,-0.007516,180.020658
142.500000,51.509345,-0.160992,-1.281558,0.017233,179.927556
143.000000,51.509339,-0.160992,-1.261125,-0.012633,180.288065
143.500000,51.509334,-0.160992,-1.217090,-0.016760,180.622107
144.000000,51.509328,-0.160993,-1.276798,-0.000414,180.663789
144.500000,51.509322,-0.160993,-1.232405,0.013239,180.478144
145.000000,51.509316,-0.160992,-1.267657,0.027681,180.076631
145.500000,51.509311,-0.160992,-1.231612,-0.002188,180.166297
146.000000,51.509305,-0.160992,-1.229409,0.029925,179.733131
146.500000,51.509299,-0.160992,-1.240971,-0.011158,180.027275
147.000000,51.509294,-0.160992,-1.271795,0.018062,179.758728
147.500000,51.509288,-0.160992,-1.264709,0.015426,179.620601
148.000000,51.509282,-0.160992,-1.271785,0.035967,179.210173
148.500000,51.509276,-0.160992,-1.222009,0.013685,179.208663
149.000000,51.509271,-0.160992,-1.237903,0.018428,179.109022
149.500000,51.509265,-0.160992,-1.009914,0.011172,179.122345
150.000000,51.509260,-0.160992,-0.751538,0.011601,179.054430
150.500000,51.509257,-0.160992,-0.475473,-0.018924,180.018384
151.000000,51.509255,-0.160992,-0.366258,-0.032813,182.785674
151.500000,51.509253,-0.160992,-0.222428,0.038892,179.127736
152.000000,51.509252,-0.160991,-0.193173,0.142419,168.527406
152.500000,51.509251,-0.160990,-0.141825,0.154968,157.739193
153.000000,51.509250,-0.160988,-0.074400,0.208934,143.901049
153.500000,51.509250,-0.160987,-0.027274,0.232435,128.319886
154.000000,51.509250,-0.160986,0.031389,0.235168,111.826207
154.500000,51.509250,-0.160984,0.087029,0.247246,94.927202
155.000000,51.509250,-0.160982,0.095463,0.209654,76.335464
155.500000,51.509251,-0.160981,0.211382,0.181536,57.836933
156.000000,51.509252,-0.160980,0.242142,0.124338,38.681765
156.500000,51.509253,-0.160979,0.222257,0.062283,20.369400
157.000000,51.509254,-0.160979,0.281579,0.007722,2.104765
157.500000,51.509256,-0.160979,0.443209,-0.014700,-12.166066
158.000000,51.509258,-0.160979,0.802597,-0.029173,-22.329573
158.500000,51.509261,-0.160979,0.980304,-0.027200,-28.761680
159.000000,51.509266,-0.160979,1.216369,-0.013476,-32.043549
159.500000,51.509271,-0.160979,1.304325,-0.000197,-32.869065
160.000000,51.509277,-0.160979,1.288508,-0.024344,-32.319714
160.500000,51.509283,-0.160979,1.249963,-0.001435,-30.081824
161.000000,51.509289,-0.160979,1.218292,0.014042,-26.763447
161.500000,51.509295,-0.160979,1.222150,0.019800,-22.867557
162.000000,51.509300,-0.160979,1.265964,0.019578,-18.691522
162.500000,51.509306,-0.160979,1.206057,0.012325,-14.592428
163.000000,51.509311,-0.160979,1.332203,-0.014588,-10.992961
163.500000,51.509318,-0.160979,1.283778,0.015670,-7.061426
164.000000,51.509323,-0.160979,1.206137,-0.010606,-3.970629
164.500000,51.509329,-0.160979,1.256221,-0.000544,-0.999361
165.000000,51.509335,-0.160978,1.298115,-0.003018,1.525227
165.500000,51.509341,-0.160978,1.225169,0.005301,3.783219
166.000000,51.509346,-0.160978,1.300019,0.018479,5.792077
166.500000,51.509352,-0.160977,1.286072,0.000273,7.075281
167.000000,51.509358,-0.160977,1.270833,0.023744,8.347740
167.500000,51.509364,-0.160977,1.323199,0.005444,8.909775
168.000000,51.509370,-0.160977,1.254704,0.012748,9.327027
168.500000,51.509376,-0.160977,1.220857,-0.011394,9.112258
169.000000,51.509382,-0.160977,1.244844,-0.028152,8.482885
169.500000,51.509388,-0.160977,1.211054,-0.011663,8.053490
170.000000,51.509393,-0.160977,1.264904,-0.008583,7.525753
170.500000,51.509399,-0.160977,1.288098,-0.011936,6.848068
171.000000,51.509405,-0.160978,1.177546,-0.000399,6.293554
171.500000,51.509411,-0.160978,1.234999,-0.011138,5.517039
172.000000,51.509416,-0.160978,1.185744,-0.005165,4.846144
172.500000,51.509422,-0.160978,1.286120,-0.000064,4.277074
173.000000,51.509428,-0.160978,1.201505,0.032134,4.167552
173.500000,51.509433,-0.160978,1.250441,0.004675,3.568157
174.000000,51.509439,-0.160977,1.251961,0.014545,3.191538
174.500000,51.509445,-0.160977,1.270369,0.016861,2.852370
175.000000,51.509451,-0.160977,1.221719,-0.011114,2.081077
175.500000,51.509457,-0.160977,1.287690,-0.008384,1.494354
176.000000,51.509463,-0.160977,1.199417,0.033452,1.604638
176.500000,51.509468,-0.160977,1.285733,-0.006519,1.023414
177.000000,51.509474,-0.160977,1.252395,0.011145,0.861275
177.500000,51.509480,-0.160977,1.333691,0.033128,1.083102
178.000000,51.509486,-0.160977,1.254326,0.024125,1.067641
178.500000,51.509492,-0.160978,1.237749,0.021697,1.006978
179.000000,51.509498,-0.160978,1.270445,0.037754,1.209452
179.500000,51.509504,-0.160978,1.255649,0.026296,1.174436
180.000000,51.509510,-0.160979,1.186479,-0.000464,0.749763
180.500000,51.509515,-0.160979,1.228628,0.012324,0.633034
181.000000,51.509521,-0.160979,1.253510,0.004766,0.421254
181.500000,51.509527,-0.160979,1.276436,-0.013404,-0.007581
182.000000,51.509533,-0.160979,1.206036,-0.005498,-0.224961
182.500000,51.509538,-0.160979,1.304691,-0.010190,-0.442372
183.000000,51.509545,-0.160979,1.228158,0.015794,-0.199023
183.500000,51.509550,-0.160979,1.249425,0.002712,-0.239779
184.000000,51.509556,-0.160979,1.230095,-0.002867,-0.336857
184.500000,51.509562,-0.160979,1.204347,0.008995,-0.216017
185.000000,51.509568,-0.160980,1.247859,-0.022503,-0.563409
185.500000,51.509574,-0.160980,1.223888,-0.046422,-1.165068
186.000000,51.509579,-0.160980,1.211768,-0.016589,-1.168544
186.500000,51.509585,-0.160980,1.225428,-0.003616,-0.990327
187.000000,51.509591,-0.160981,1.241569,-0.011058,-0.974720
187.500000,51.509596,-0.160981,1.256134,-0.006252,-0.871661
188.000000,51.509602,-0.160981,1.182849,0.005122,-0.622902
188.500000,51.509608,-0.160981,1.003506,-0.000935,-0.499707
189.000000,51.509612,-0.160981,0.821264,0.006434,-0.197527
189.500000,51.509616,-0.160981,0.499538,-0.011701,-0.536803
190.000000,51.509618,-0.160980,0.325588,-0.022963,-2.309420
190.500000,51.509620,-0.160980,0.140832,0.051345,1.943851
191.000000,51.509621,-0.160979,0.155112,0.131294,11.218922
191.500000,51.509621,-0.160978,0.154400,0.183633,23.392580
192.000000,51.509622,-0.160977,0.088180,0.228219,37.243460
192.500000,51.509623,-0.160975,0.034525,0.237183,51.128233
193.000000,51.509623,-0.160974,-0.021066,0.238916,66.599445
193.500000,51.509622,-0.160972,-0.055927,0.226068,85.048767
194.000000,51.509622,-0.160970,-0.127766,0.222485,104.372014
194.500000,51.509621,-0.160969,-0.161284,0.181787,123.009718
195.000000,51.509621,-0.160968,-0.201029,0.122628,141.471299
195.500000,51.509620,-0.160967,-0.233673,0.096913,158.382842
196.000000,51.509619,-0.160967,-0.332886,0.007924,177.212282
196.500000,51.509617,-0.160967,-0.570693,0.009789,190.724774
197.000000,51.509614,-0.160966,-0.768095,0.013654,200.166566
197.500000,51.509611,-0.160966,-0.999694,0.002377,206.525402
198.000000,51.509606,-0.160966,-1.203324,0.007357,209.975129
198.500000,51.509600,-0.160966,-1.247067,0.020975,210.924987
199.000000,51.509595,-0.160967,-1.303701,-0.020077,210.859227
199.500000,51.509589,-0.160967,-1.219565,-0.017475,209.250433
200.000000,51.509583,-0.160967,-1.239332,0.008051,206.285210
200.500000,51.509577,-0.160966,-1.243882,-0.000265,202.892992
201.000000,51.509572,-0.160966,-1.282218,0.018926,198.823795
201.500000,51.509566,-0.160966,-1.252953,0.024841,194.631061
202.000000,51.509560,-0.160966,-1.311495,0.022686,190.600168
202.500000,51.509554,-0.160966,-1.261732,0.027620,186.715125
203.000000,51.509548,-0.160966,-1.211308,0.003754,183.529531
203.500000,51.509543,-0.160966,-1.278104,0.009117,180.565539
204.000000,51.509537,-0.160966,-1.240226,0.024460,177.801682
204.500000,51.509531,-0.160966,-1.240552,0.033471,175.357031
205.000000,51.509525,-0.160966,-1.240058,0.019674,173.606645
205.500000,51.509520,-0.160966,-1.284034,0.008877,172.398631
206.000000,51.509514,-0.160966,-1.222813,-0.009056,171.781693
206.500000,51.509508,-0.160966,-1.290143,-0.017981,171.557054
207.000000,51.509502,-0.160966,-1.264426,-0.021779,171.638386
207.500000,51.509496,-0.160966,-1.193086,-0.021847,171.861438
208.000000,51.509491,-0.160966,-1.243138,-0.008363,172.051747
208.500000,51.509485,-0.160966,-1.191889,-0.036633,172.822560
209.000000,51.509479,-0.160967,-1.326580,-0.001744,173.065614
209.500000,51.509473,-0.160967,-1.240810,-0.005926,173.552314
210.000000,51.509468,-0.160967,-1.286596,0.025255,173.652137
210.500000,51.509462,-0.160967,-1.221869,0.038100,173.663156
211.000000,51.509456,-0.160967,-1.251986,-0.000733,174.457997
211.500000,51.509450,-0.160967,-1.295911,0.037969,174.576382
212.000000,51.509444,-0.160967,-1.204865,-0.003412,175.452164
212.500000,51.509439,-0.160967,-1.270849,0.001879,176.134640
213.000000,51.509433,-0.160967,-1.249638,-0.048553,177.506459
213.500000,51.509427,-0.160967,-1.263753,-0.008304,178.068353
214.000000,51.509421,-0.160967,-1.272087,0.003840,178.419402
214.500000,51.509415,-0.160967,-1.242185,0.010247,178.638458
215.000000,51.509409,-0.160967,-1.289317,0.006692,178.943519
215.500000,51.509403,-0.160967,-1.256066,-0.007397,179.376962
216.000000,51.509397,-0.160967,-1.220470,-0.020515,179.909209
216.500000,51.509392,-0.160967,-1.193912,-0.010802,180.212449
217.000000,51.509386,-0.160967,-1.225363,-0.021662,180.645903
217.500000,51.509380,-0.160967,-1.204695,-0.006316,180.706602
218.000000,51.509375,-0.160966,-1.277969,0.010896,180.482972
218.500000,51.509369,-0.160966,-1.247077,-0.020626,180.811279
219.000000,51.509363,-0.160966,-1.241484,0.014088,180.470141
219.500000,51.509357,-0.160966,-1.194910,0.006758,180.330250
220.000000,51.509352,-0.160966,-1.293065,-0.015261,180.542956
220.500000,51.509346,-0.160966,-1.247866,0.013036,180.253443
221.000000,51.509340,-0.160966,-1.236618,-0.009759,180.367099
221.500000,51.509334,-0.160966,-1.261521,-0.007108,180.440333
222.000000,51.509329,-0.160966,-1.260036,0.022668,180.000234
222.500000,51.509323,-0.160966,-1.241265,-0.003422,180.063952
223.000000,51.509317,-0.160965,-1.249544,-0.010838,180.203791
223.500000,51.509311,-0.160965,-1.273021,-0.016869,180.390929
224.000000,51.509305,-0.160965,-1.162189,-0.015180,180.486979
224.500000,51.509300,-0.160965,-1.293027,-0.004137,180.445643
225.000000,51.509294,-0.160965,-1.245685,0.003394,180.247030
225.500000,51.509288,-0.160965,-1.253519,-0.003671,180.231160
226.000000,51.509282,-0.160965,-1.246645,-0.006486,180.223999
226.500000,51.509277,-0.160965,-1.255188,-0.004796,180.205953
227.000000,51.509271,-0.160965,-1.172102,-0.008858,180.250478
227.500000,51.509265,-0.160965,-1.043909,0.019064,179.809374
228.000000,51.509261,-0.160965,-0.729929,0.007425,179.661292
228.500000,51.509257,-0.160965,-0.451780,0.001640,179.645321
229.000000,51.509255,-0.160965,-0.297755,-0.012641,180.989647
229.500000,51.509254,-0.160965,-0.213742,0.086339,174.062735
230.000000,51.509253,-0.160964,-0.208171,0.138706,165.677085
230.500000,51.509252,-0.160963,-0.175640,0.181119,155.806993
231.000000,51.509251,-0.160962,-0.107654,0.228661,140.585241
231.500000,51.509250,-0.160960,-0.037305,0.241366,125.655143
232.000000,51.509250,-0.160958,0.031473,0.251983,109.067548
232.500000,51.509250,-0.160956,0.104656,0.262890,92.425034
233.000000,51.509251,-0.160954,0.168971,0.214327,73.957697
233.500000,51.509252,-0.160952,0.180238,0.179093,56.640656
234.000000,51.509253,-0.160951,0.197472,0.122849,38.036672
234.500000,51.509254,-0.160950,0.282597,0.068827,20.073316
235.000000,51.509255,-0.160950,0.355097,-0.018509,0.091694
235.500000,51.509257,-0.160950,0.454327,-0.009075,-13.339226
236.000000,51.509259,-0.160950,0.664668,0.004135,-22.320439
236.500000,51.509262,-0.160950,0.998410,-0.012137,-28.317903
237.000000,51.509267,-0.160950,1.183469,0.010244,-31.117135
237.500000,51.509272,-0.160950,1.269127,0.007887,-31.835284
238.000000,51.509278,-0.160950,1.273317,0.025294,-30.614647
238.500000,51.509284,-0.160950,1.235430,0.013823,-28.418066
239.000000,51.509289,-0.160950,1.268972,-0.038521,-26.102141
239.500000,51.509295,-0.160950,1.239561,-0.027122,-22.866460
240.000000,51.509301,-0.160950,1.239760,-0.026152,-19.289172
240.500000,51.509307,-0.160951,1.283778,-0.005789,-15.297580
241.000000,51.509312,-0.160951,1.251988,0.004271,-11.292328
241.500000,51.509318,-0.160951,1.219563,0.003015,-7.531852
242.000000,51.509324,-0.160951,1.262092,0.000564,-4.102405
242.500000,51.509330,-0.160951,1.234751,0.030778,-0.614022
243.000000,51.509335,-0.160951,1.221421,0.013287,2.061436
243.500000,51.509341,-0.160951,1.185439,-0.023585,3.762219
244.000000,51.509346,-0.160951,1.337741,0.003834,5.609012
244.500000,51.509352,-0.160951,1.187085,0.003269,6.959690
245.000000,51.509358,-0.160951,1.272948,-0.005792,7.782959
245.500000,51.509363,-0.160952,1.261782,-0.032798,7.940081
246.000000,51.509369,-0.160952,1.229238,0.016150,8.646181
246.500000,51.509375,-0.160952,1.263717,-0.003880,8.642899
247.000000,51.509381,-0.160952,1.311680,0.000555,8.563841
247.500000,51.509387,-0.160952,1.264264,0.006135,8.349511
248.000000,51.509392,-0.160952,1.244654,-0.009205,7.758191
248.500000,51.509398,-0.160953,1.239679,-0.009490,7.107085
249.000000,51.509404,-0.160953,1.241986,-0.013441,6.323403
249.500000,51.509410,-0.160953,1.232549,-0.024991,5.358348
250.000000,51.509416,-0.160954,1.218740,-0.027471,4.423120
250.500000,51.509421,-0.160954,1.270455,-0.030427,3.492183
251.000000,51.509427,-0.160954,1.257099,-0.035494,2.565319
251.500000,51.509433,-0.160954,1.306886,-0.031315,1.834153
252.000000,51.509439,-0.160955,1.230543,-0.022842,1.274152
252.500000,51.509445,-0.160955,1.234682,-0.006904,0.986249
253.000000,51.509451,-0.160955,1.267540,-0.011430,0.638663
253.500000,51.509457,-0.160956,1.254163,0.008145,0.657346
254.000000,51.509463,-0.160956,1.241967,-0.022696,0.140842
254.500000,51.509469,-0.160956,1.235190,-0.020222,-0.232388
255.000000,51.509474,-0.160956,1.261304,-0.003121,-0.265328
255.500000,51.509480,-0.160955,1.277231,-0.014368,-0.451920
256.000000,51.509486,-0.160955,1.232780,-0.005554,-0.441554
256.500000,51.509492,-0.160955,1.218403,0.020933,-0.048874
257.000000,51.509498,-0.160955,1.225281,0.001342,-0.091333
257.500000,51.509503,-0.160955,1.236683,0.017453,0.163088
258.000000,51.509509,-0.160955,1.228797,-0.022371,-0.212247
258.500000,51.509515,-0.160955,1.251750,-0.009200,-0.311958
259.000000,51.509521,-0.160955,1.248742,0.022428,0.054378
259.500000,51.509526,-0.160955,1.239600,0.011319,0.203458
260.000000,51.509532,-0.160955,1.294569,0.020509,0.437411
260.500000,51.509538,-0.160954,1.201695,0.035757,0.868664
261.000000,51.509544,-0.160954,1.260827,0.059360,1.510613
261.500000,51.509550,-0.160954,1.227814,0.049206,1.876251
262.000000,51.509555,-0.160953,1.277802,0.069803,2.510609
262.500000,51.509561,-0.160953,1.243892,0.054936,2.719243
263.000000,51.509567,-0.160953,1.290657,0.061913,3.027135
263.500000,51.509573,-0.160953,1.249302,0.036437,2.833492
264.000000,51.509579,-0.160953,1.280905,0.024865,2.526783
264.500000,51.509584,-0.160953,1.250289,0.021788,2.211835
265.000000,51.509590,-0.160953,1.264816,0.004317,1.647746
265.500000,51.509596,-0.160953,1.175738,0.000473,1.152361
266.000000,51.509602,-0.160953,1.229858,0.027888,1.133372
266.500000,51.509607,-0.160952,0.960547,0.005099,0.784038
267.000000,51.509612,-0.160952,0.787299,-0.014565,0.039173
267.500000,51.509615,-0.160952,0.448782,0.028330,0.887346
268.000000,51.509617,-0.160952,0.344409,0.000447,0.118670
268.500000,51.509619,-0.160952,0.231108,0.024851,1.616460
269.000000,51.509620,-0.160951,0.209907,0.126046,11.175178
269.500000,51.509621,-0.160950,0.102406,0.176668,21.614802
270.000000,51.509622,-0.160949,0.086134,0.246729,36.768726
270.500000,51.509622,-0.160947,0.043466,0.232863,51.582068
271.000000,51.509622,-0.160946,-0.023382,0.269990,68.707947
271.500000,51.509622,-0.160943,-0.107865,0.246258,85.795341
272.000000,51.509622,-0.160941,-0.115319,0.251533,103.980714
272.500000,51.509621,-0.160940,-0.179752,0.201221,121.730629
273.000000,51.509620,-0.160939,-0.203437,0.137446,140.812479
273.500000,51.509619,-0.160938,-0.200765,0.037357,161.410157
274.000000,51.509618,-0.160938,-0.345387,0.009827,179.065524
274.500000,51.509617,-0.160938,-0.430599,0.002971,192.383093
275.000000,51.509615,-0.160938,-0.790756,0.009739,201.543537
275.500000,51.509611,-0.160938,-0.983773,-0.010481,207.770308
276.000000,51.509607,-0.160938,-1.187030,-0.003241,211.024799
276.500000,51.509601,-0.160938,-1.228179,-0.004710,212.084032
277.000000,51.509596,-0.160938,-1.360585,0.028001,210.916616
277.500000,51.509590,-0.160937,-1.278268,0.017924,208.703756
278.000000,51.509584,-0.160937,-1.357670,0.019512,205.601626
278.500000,51.509578,-0.160937,-1.262460,0.014866,202.035632
279.000000,51.509572,-0.160937,-1.278646,0.000521,198.371119
279.500000,51.509566,-0.160936,-1.252649,0.006978,194.429724
280.000000,51.509560,-0.160936,-1.239046,-0.005359,190.750402
280.500000,51.509554,-0.160936,-1.249623,0.000622,187.184604
281.000000,51.509549,-0.160936,-1.289893,0.010309,183.751355
281.500000,51.509543,-0.160936,-1.230972,0.007385,180.740007
282.000000,51.509537,-0.160936,-1.255846,-0.014408,178.507536
282.500000,51.509531,-0.160937,-1.279781,0.005973,176.298844
283.000000,51.509525,-0.160937,-1.232434,-0.005382,174.717235
283.500000,51.509519,-0.160937,-1.200942,0.007513,173.286880
284.000000,51.509514,-0.160937,-1.233707,0.016171,172.139419
284.500000,51.509508,-0.160936,-1.268534,0.026002,171.201913
285.000000,51.509502,-0.160936,-1.305227,0.052006,170.248855
285.500000,51.509496,-0.160935,-1.218883,0.058518,169.563120
286.000000,51.509490,-0.160935,-1.273398,0.064730,169.120072
286.500000,51.509484,-0.160934,-1.292637,0.034186,169.478162
287.000000,51.509478,-0.160934,-1.220964,0.055013,169.610675
287.500000,51.509473,-0.160933,-1.218581,0.033898,170.252971
288.000000,51.509467,-0.160933,-1.277884,0.045549,170.841169
288.500000,51.509461,-0.160932,-1.215090,0.019816,171.853410
289.000000,51.509455,-0.160932,-1.261223,0.035501,172.598472
289.500000,51.509449,-0.160931,-1.236534,0.016159,173.579821
290.000000,51.509444,-0.160931,-1.259643,-0.009913,174.905483
290.500000,51.509438,-0.160930,-1.277631,0.005173,175.835772
291.000000,51.509432,-0.160930,-1.252898,0.010888,176.585479
291.500000,51.509426,-0.160930,-1.236102,0.001242,177.425784
292.000000,51.509420,-0.160930,-1.342105,-0.011844,178.340721
292.500000,51.509414,-0.160930,-1.264037,-0.009549,179.042272
293.000000,51.509408,-0.160930,-1.162389,-0.008372,179.586045
293.500000,51.509403,-0.160930,-1.285192,-0.027578,180.335281
294.000000,51.509397,-0.160929,-1.276379,-0.042374,181.131129
294.500000,51.509391,-0.160930,-1.221354,-0.025197,181.463877
295.000000,51.509385,-0.160930,-1.257785,-0.036666,181.884229
295.500000,51.509380,-0.160930,-1.220018,-0.044450,182.351257
296.000000,51.509374,-0.160930,-1.224561,-0.042852,182.605520
296.500000,51.509368,-0.160931,-1.232437,-0.010962,182.349667
297.000000,51.509363,-0.160931,-1.269536,0.033266,181.429618
297.500000,51.509357,-0.160931,-1.193825,-0.008100,181.319572
298.000000,51.509351,-0.160931,-1.238710,-0.013759,181.217827
298.500000,51.509345,-0.160931,-1.276483,-0.023740,181.286227
299.000000,51.509340,-0.160931,-1.219178,-0.015666,181.183016
299.500000,51.509334,-0.160931,-1.230549,-0.052499,181.636806
300.000000,51.509328,-0.160931,-1.239661,-0.056634,181.993722
300.500000,51.509323,-0.160931,-1.277952,-0.013718,181.624487
301.000000,51.509317,-0.160932,-1.240319,-0.004228,181.228519
301.500000,51.509311,-0.160932,-1.230513,-0.025526,181.258572
302.000000,51.509305,-0.160932,-1.265549,-0.016768,181.085581
302.500000,51.509299,-0.160932,-1.218347,0.002338,180.658498
303.000000,51.509294,-0.160932,-1.227913,0.010858,180.213512
303.500000,51.509288,-0.160932,-1.256476,-0.014053,180.229449
304.000000,51.509282,-0.160932,-1.225278,-0.010510,180.185947
304.500000,51.509277,-0.160932,-1.174302,-0.000472,179.978969
305.000000,51.509271,-0.160932,-1.186838,0.013733,179.629824
305.500000,51.509266,-0.160932,-1.017004,0.005474,179.499206
306.000000,51.509261,-0.160932,-0.731258,0.019510,179.008620
306.500000,51.509258,-0.160932,-0.484768,-0.027859,180.204372
307.000000,51.509256,-0.160933,-0.297859,-0.008217,180.911904
307.500000,51.509254,-0.160932,-0.225582,0.068886,175.823318
308.000000,51.509253,-0.160931,-0.207979,0.115625,167.829763
308.500000,51.509252,-0.160930,-0.148822,0.177862,155.354690
309.000000,51.509252,-0.160929,-0.100705,0.230478,140.963462
309.500000,51.509251,-0.160927,-0.033677,0.245621,126.332742
310.000000,51.509251,-0.160925,0.031228,0.220108,109.332676
310.500000,51.509251,-0.160923,0.104545,0.244145,91.007278
311.000000,51.509252,-0.160921,0.107149,0.228843,74.789209
311.500000,51.509252,-0.160920,0.166660,0.185033,57.572783
312.000000,51.509253,-0.160919,0.218357,0.131161,38.688811
312.500000,51.509254,-0.160918,0.240887,0.090526,22.457330
313.000000,51.509255,-0.160918,0.266867,0.020861,4.979583
313.500000,51.509257,-0.160918,0.495207,0.002376,-9.000422
314.000000,51.509259,-0.160918,0.729362,0.015892,-18.590756
314.500000,51.509262,-0.160918,1.054462,0.007191,-25.041581
315.000000,51.509267,-0.160918,1.160025,0.003132,-28.791236
315.500000,51.509272,-0.160918,1.155648,0.002883,-30.253115
316.000000,51.509278,-0.160918,1.295076,0.030443,-29.456262
316.500000,51.509284,-0.160918,1.271352,-0.004142,-27.990592
317.000000,51.509289,-0.160918,1.237726,0.010293,-25.291488
317.500000,51.509295,-0.160918,1.265647,0.032138,-21.681205
318.000000,51.509301,-0.160918,1.297155,0.018652,-17.937217
318.500000,51.509307,-0.160917,1.299838,0.002829,-14.294111
319.000000,51.509313,-0.160917,1.275668,-0.005112,-10.782569
319.500000,51.509318,-0.160917,1.263005,-0.005754,-7.408557
320.000000,51.509324,-0.160917,1.237135,0.001470,-4.187213
320.500000,51.509330,-0.160917,1.257366,-0.002302,-1.326054
321.000000,51.509336,-0.160917,1.224154,-0.015674,0.916677
321.500000,51.509341,-0.160917,1.267418,-0.003285,3.036682
322.000000,51.509347,-0.160917,1.252617,0.000520,4.837325
322.500000,51.509353,-0.160917,1.251038,-0.021438,5.896182
323.000000,51.509359,-0.160917,1.268497,-0.031011,6.535244
323.500000,51.509365,-0.160917,1.249156,-0.025312,7.032619
324.000000,51.509371,-0.160917,1.212878,-0.002450,7.600104
324.500000,51.509376,-0.160918,1.244279,-0.020773,7.577027
325.000000,51.509382,-0.160918,1.250714,-0.043536,7.047397
325.500000,51.509388,-0.160918,1.218403,-0.027658,6.683244
326.000000,51.509393,-0.160918,1.257659,0.024149,6.989636
326.500000,51.509399,-0.160918,1.283628,-0.018190,6.397070
327.000000,51.509405,-0.160918,1.215425,-0.014445,5.832379
327.500000,51.509410,-0.160918,1.223273,-0.013109,5.247114
328.000000,51.509416,-0.160918,1.274873,-0.010360,4.678798
328.500000,51.509422,-0.160918,1.252411,-0.008900,4.108690
329.000000,51.509427,-0.160918,1.349127,-0.018477,3.404593
329.500000,51.509434,-0.160918,1.266662,-0.021435,2.708693
330.000000,51.509440,-0.160918,1.299710,0.009506,2.527516
330.500000,51.509446,-0.160918,1.290581,0.022241,2.483099
331.000000,51.509452,-0.160918,1.197712,0.027698,2.449622
331.500000,51.509457,-0.160918,1.217723,0.030787,2.425043
332.000000,51.509463,-0.160918,1.237353,0.001963,1.933795
332.500000,51.509469,-0.160918,1.271924,0.011136,1.688187
333.000000,51.509475,-0.160918,1.255799,-0.023675,0.906164
333.500000,51.509480,-0.160918,1.269865,0.002931,0.713564
334.000000,51.509486,-0.160918,1.189669,0.000336,0.455039
334.500000,51.509492,-0.160918,1.276012,-0.018537,-0.030934
335.000000,51.509498,-0.160919,1.253510,0.002232,-0.112427
335.500000,51.509504,-0.160919,1.261462,0.009877,-0.069813
336.000000,51.509510,-0.160919,1.232645,0.001949,-0.147944
336.500000,51.509515,-0.160919,1.225840,0.023256,0.130598
337.000000,51.509521,-0.160919,1.282544,-0.000523,-0.017468
337.500000,51.509527,-0.160920,1.253027,-0.018437,-0.360858
338.000000,51.509533,-0.160920,1.234632,0.013639,-0.133593
338.500000,51.509539,-0.160920,1.288382,-0.008981,-0.364967
339.000000,51.509545,-0.160920,1.211304,0.015860,-0.100245
339.500000,51.509550,-0.160920,1.250905,-0.010277,-0.262486
340.000000,51.509556,-0.160920,1.266379,-0.018418,-0.514247
340.500000,51.509562,-0.160920,1.214613,0.004191,-0.375924
341.000000,51.509568,-0.160921,1.219351,0.023048,0.038145
341.500000,51.509573,-0.160921,1.185379,0.002146,0.022209
342.000000,51.509579,-0.160921,1.259069,-0.010997,-0.168020
342.500000,51.509585,-0.160921,1.249095,-0.008534,-0.238842
343.000000,51.509590,-0.160922,1.223554,-0.002120,-0.227787
343.500000,51.509596,-0.160922,1.266209,0.008710,-0.007931
344.000000,51.509602,-0.160922,1.184381,-0.047809,-0.753592
344.500000,51.509607,-0.160923,1.024857,-0.016124,-0.829494
345.000000,51.509612,-0.160923,0.785956,0.013663,-0.309426
345.500000,51.509615,-0.160923,0.487365,0.012197,0.153648
346.000000,51.509618,-0.160923,0.300090,0.014019,0.790942
346.500000,51.509619,-0.160923,0.158123,0.070373,6.502087
347.000000,51.509620,-0.160922,0.222471,0.134562,16.053688
347.500000,51.509621,-0.160921,0.137555,0.141200,25.370364
348.000000,51.509622,-0.160919,0.070711,0.207200,39.636965
348.500000,51.509623,-0.160918,0.018878,0.200660,53.467320
349.000000,51.509623,-0.160916,-0.049515,0.251310,70.823849
349.500000,51.509623,-0.160914,-0.095966,0.223693,87.052470
350.000000,51.509622,-0.160912,-0.137511,0.191263,104.919696
350.500000,51.509621,-0.160911,-0.154848,0.157724,123.538576
351.000000,51.509621,-0.160910,-0.234135,0.117112,142.592213
351.500000,51.509620,-0.160909,-0.249290,0.052428,161.738859
352.000000,51.509619,-0.160909,-0.335674,-0.006862,180.468618
352.500000,51.509617,-0.160909,-0.531450,-0.012720,193.899911
353.000000,51.509614,-0.160909,-0.803298,-0.029308,203.531863
353.500000,51.509611,-0.160909,-0.941551,-0.023803,209.380117
354.000000,51.509606,-0.160909,-1.224803,-0.041519,212.726845
354.500000,51.509601,-0.160910,-1.245942,0.013515,212.957930
355.000000,51.509595,-0.160910,-1.278475,-0.009363,211.990318
355.500000,51.509589,-0.160910,-1.291871,-0.000198,209.616522
356.000000,51.509583,-0.160910,-1.200220,-0.003134,206.476737
356.500000,51.509578,-0.160910,-1.271875,-0.013468,202.955771
357.000000,51.509572,-0.160910,-1.231584,-0.006788,198.969920
357.500000,51.509566,-0.160910,-1.278496,0.020213,194.574515
358.000000,51.509561,-0.160910,-1.268905,0.035940,190.143133
358.500000,51.509555,-0.160910,-1.217343,0.036261,186.032199
359.000000,51.509549,-0.160910,-1.309431,0.014837,182.657593
359.500000,51.509543,-0.160910,-1.302290,0.018602,179.621406
360.000000,51.509537,-0.160910,-1.270812,-0.001264,177.291986
360.500000,51.509531,-0.160910,-1.260658,-0.002128,175.393130
361.000000,51.509526,-0.160911,-1.277046,-0.013511,174.051082
361.500000,51.509520,-0.160911,-1.222382,-0.011030,172.985759
362.000000,51.509514,-0.160911,-1.296254,-0.001636,172.123384
362.500000,51.509508,-0.160911,-1.270467,-0.000579,171.598995
363.000000,51.509502,-0.160911,-1.194888,0.010056,171.155205
363.500000,51.509497,-0.160911,-1.301449,0.004281,171.125695
364.000000,51.509491,-0.160911,-1.232307,-0.003543,171.394806
364.500000,51.509485,-0.160911,-1.260286,0.007442,171.638306
365.000000,51.509479,-0.160911,-1.294164,0.016426,171.907280
365.500000,51.509473,-0.160911,-1.237179,0.002376,172.530914
366.000000,51.509468,-0.160911,-1.262872,0.004106,173.204885
366.500000,51.509462,-0.160911,-1.235088,0.017284,173.682923
367.000000,51.509456,-0.160911,-1.193812,0.006998,174.358012
367.500000,51.509451,-0.160910,-1.270851,0.043961,174.498858
368.000000,51.509445,-0.160910,-1.216845,0.015124,175.191126
368.500000,51.509439,-0.160910,-1.254848,0.004367,175.947635
369.000000,51.509433,-0.160909,-1.245726,-0.027258,177.093122
369.500000,51.509428,-0.160909,-1.256217,0.018135,177.378965
370.000000,51.509422,-0.160909,-1.302517,0.006725,177.888032
370.500000,51.509416,-0.160910,-1.255522,0.004023,178.372969
371.000000,51.509410,-0.160910,-1.227613,0.002594,178.805126
371.500000,51.509404,-0.160910,-1.219739,-0.018544,179.501456
372.000000,51.509399,-0.160911,-1.300051,0.005377,179.706247
372.500000,51.509393,-0.160911,-1.220533,-0.013300,180.172401
373.000000,51.509387,-0.160911,-1.275150,0.013640,180.116213
373.500000,51.509381,-0.160911,-1.219318,0.032891,179.769073
374.000000,51.509375,-0.160910,-1.248069,0.026733,179.607033
374.500000,51.509369,-0.160910,-1.248356,0.029722,179.404645
375.000000,51.509364,-0.160910,-1.199902,0.029456,179.235717
375.500000,51.509358,-0.160910,-1.231772,0.015745,179.280052
376.000000,51.509352,-0.160909,-1.272449,0.022328,179.162862
376.500000,51.509346,-0.160909,-1.188409,0.027129,179.048979
377.000000,51.509341,-0.160909,-1.279153,-0.007301,179.472552
377.500000,51.509335,-0.160909,-1.282316,0.009289,179.515029
378.000000,51.509329,-0.160910,-1.249259,0.009715,179.582873
378.500000,51.509323,-0.160910,-1.278464,0.024470,179.411675
379.000000,51.509317,-0.160910,-1.205586,0.011156,179.455303
379.500000,51.509312,-0.160910,-1.289979,-0.034427,180.165223
380.000000,51.509306,-0.160910,-1.274252,-0.030564,180.607476
380.500000,51.509300,-0.160910,-1.273286,-0.032619,181.015411
381.000000,51.509294,-0.160910,-1.227034,-0.034282,181.415653
381.500000,51.509288,-0.160911,-1.178790,-0.002481,181.189378
382.000000,51.509283,-0.160910,-1.291324,-0.033701,181.501238
382.500000,51.509277,-0.160910,-1.235383,-0.005412,181.273013
383.000000,51.509271,-0.160910,-1.170261,-0.038098,181.594055
383.500000,51.509266,-0.160910,-1.058364,0.005704,181.092381
384.000000,51.509261,-0.160910,-0.698485,0.008136,180.607721
384.500000,51.509258,-0.160910,-0.483439,-0.004561,180.591232
385.000000,51.509256,-0.160910,-0.263298,-0.009488,181.363560
385.500000,51.509254,-0.160909,-0.255706,0.062268,176.936992
386.000000,51.509253,-0.160908,-0.178052,0.131438,167.687157
386.500000,51.509252,-0.160907,-0.137339,0.153990,157.543415
387.000000,51.509252,-0.160906,-0.103477,0.223507,142.188626
387.500000,51.509251,-0.160904,-0.033721,0.248795,126.230081
388.000000,51.509251,-0.160902,0.027477,0.276040,109.830402
388.500000,51.509251,-0.160900,0.083492,0.245326,92.624382
389.000000,51.509252,-0.160899,0.137248,0.231640,75.976082
389.500000,51.509252,-0.160897,0.163986,0.151147,55.362256
390.000000,51.509253,-0.160896,0.217278,0.131932,38.142739
390.500000,51.509254,-0.160895,0.245620,0.074411,20.075464
391.000000,51.509255,-0.160895,0.269889,-0.015922,0.235387
391.500000,51.509257,-0.160895,0.556602,0.006131,-12.641955
392.000000,51.509259,-0.160895,0.723900,0.021978,-21.400843
392.500000,51.509263,-0.160896,0.929289,0.002424,-27.414601
393.000000,51.509267,-0.160896,1.241774,-0.020887,-30.942715
393.500000,51.509272,-0.160896,1.318954,-0.008093,-31.975763
394.000000,51.509278,-0.160896,1.184691,-0.031278,-31.670916
394.500000,51.509284,-0.160896,1.296195,-0.058734,-30.358621
395.000000,51.509290,-0.160897,1.334639,-0.016829,-27.311195
395.500000,51.509296,-0.160897,1.268675,0.006561,-23.397422
396.000000,51.509302,-0.160898,1.239898,-0.026454,-19.805891
396.500000,51.509307,-0.160898,1.273291,-0.010619,-15.766610
397.000000,51.509313,-0.160899,1.253584,-0.033707,-12.213280
397.500000,51.509319,-0.160899,1.225297,-0.026400,-8.650001
398.000000,51.509325,-0.160899,1.229853,-0.019385,-5.263823
398.500000,51.509331,-0.160899,1.259407,-0.012739,-2.127052
399.000000,51.509336,-0.160900,1.279668,-0.034994,0.217077
399.500000,51.509342,-0.160900,1.299543,-0.002676,2.707659
400.000000,51.509348,-0.160900,1.247500,0.029300,5.174444
400.500000,51.509354,-0.160900,1.250149,-0.005975,6.518986
401.000000,51.509360,-0.160900,1.236872,0.019841,7.992427
401.500000,51.509366,-0.160900,1.182482,0.000393,8.632445
402.000000,51.509371,-0.160901,1.294423,-0.021094,8.709787
402.500000,51.509377,-0.160901,1.218733,-0.039362,8.308327
403.000000,51.509383,-0.160901,1.342477,-0.048782,7.639441
403.500000,51.509389,-0.160901,1.252794,-0.055893,6.821720
404.000000,51.509395,-0.160901,1.260077,-0.053560,5.975042
404.500000,51.509401,-0.160902,1.242846,-0.032701,5.394794
405.000000,51.509407,-0.160902,1.204117,0.001850,5.266650
405.500000,51.509413,-0.160902,1.235445,-0.017195,4.672501
406.000000,51.509418,-0.160902,1.253057,0.008848,4.523726
406.500000,51.509424,-0.160902,1.259428,-0.002372,4.110208
407.000000,51.509430,-0.160902,1.171834,-0.004159,3.594764
407.500000,51.509436,-0.160902,1.268606,-0.006649,3.084015
408.000000,51.509442,-0.160902,1.210700,0.002794,2.704615
408.500000,51.509447,-0.160902,1.240900,0.021950,2.635166
409.000000,51.509453,-0.160902,1.221073,0.007885,2.304373
409.500000,51.509459,-0.160902,1.194815,0.021873,2.175836
410.000000,51.509464,-0.160903,1.263864,0.007825,1.798862
410.500000,51.509470,-0.160903,1.267258,0.028198,1.768203
411.000000,51.509476,-0.160903,1.222700,0.022436,1.671587
411.500000,51.509481,-0.160902,1.257779,0.022905,1.595781
412.000000,51.509487,-0.160903,1.262964,0.008376,1.261102
412.500000,51.509493,-0.160903,1.285912,0.027621,1.255604
413.000000,51.509499,-0.160903,1.242958,0.033366,1.344887
413.500000,51.509505,-0.160903,1.312359,0.002905,0.943568
414.000000,51.509511,-0.160903,1.198735,0.007338,0.716501
414.500000,51.509517,-0.160903,1.230800,-0.012978,0.183739
415.000000,51.509522,-0.160903,1.230897,-0.013042,-0.211347
415.500000,51.509528,-0.160903,1.257232,-0.014417,-0.528189
416.000000,51.509534,-0.160903,1.234216,-0.033420,-1.043189
416.500000,51.509540,-0.160903,1.230777,0.015295,-0.701841
417.000000,51.509545,-0.160903,1.223709,-0.025276,-1.063682
417.500000,51.509551,-0.160903,1.283005,-0.051304,-1.653016
418.000000,51.509557,-0.160904,1.194562,-0.020154,-1.697295
418.500000,51.509563,-0.160904,1.227941,-0.017485,-1.634517
419.000000,51.509568,-0.160904,1.229714,0.001301,-1.304809
419.500000,51.509574,-0.160905,1.239751,0.010080,-0.919259
420.000000,51.509580,-0.160905,1.248594,-0.013473,-0.930385
420.500000,51.509586,-0.160905,1.278822,0.011545,-0.495281
421.000000,51.509592,-0.160905,1.216448,0.016767,-0.067181
421.500000,51.509597,-0.160905,1.185552,0.020062,0.295969
422.000000,51.509603,-0.160906,1.214477,-0.002791,0.241491
422.500000,51.509608,-0.160906,0.981637,0.008065,0.422753
423.000000,51.509613,-0.160906,0.791260,-0.007607,0.168547
423.500000,51.509617,-0.160906,0.498652,-0.006322,-0.010353
424.000000,51.509619,-0.160906,0.264316,0.009908,0.668320
424.500000,51.509620,-0.160906,0.024982,-0.000550,0.071369
425.000000,51.509621,-0.160906,-0.012476,-0.007612,-25.367719
