0,51.5092530654808,-0.161026458766525,0,-0,-0.044381843001676
0.5,51.5092530654808,-0.161026458766525,-0.00996495935375372,0.000836412026477463,-0.0837390345116098
1,51.5092530061479,-0.161026450764891,0.129998786686997,-0.000561658177763411,-0.00432046096247425
1.5,51.5092537801803,-0.16102645613806,0.389979664776053,-0.00398259477696385,-0.0102119589693043
2,51.5092561021779,-0.161026494238026,0.579785911567751,-0.015757434675474,-0.0271713340447632
2.5,51.5092595543106,-0.161026644983411,0.779972253039448,-0.00657909481372921,-0.0084348369584748
3,51.5092641983829,-0.161026707923133,1.02992674033313,-0.0122845246865159,-0.0119270057709257
3.5,51.5092703307218,-0.161026825444568,1.15999778848077,0.00226510920818434,0.0019526815928007
4,51.5092772375234,-0.161026803775177,1.32613344017377,-0.101341496204082,-0.0762705389498436
4.5,51.5092851335217,-0.161027773271317,1.25958123874746,-0.0324823489824926,-0.0257824983857232
5,51.5092926332581,-0.161028084018033,1.21970808356821,-0.0266869046233063,-0.0218762568335052
5.5,51.5092998955838,-0.161028339321981,1.31997533576132,-0.00806926153972146,-0.00611311499865647
6,51.5093077549158,-0.161028416517942,1.36837416987931,-0.0667242924811251,-0.0487231385057194
6.5,51.5093159024217,-0.161029054845001,1.3493522381057,0.0418155176835655,0.0309794125865848
7,51.5093239366682,-0.161028654811746,1.25943875503524,-0.0376034880733375,-0.0298484701113992
7.5,51.5093314355563,-0.161029014550938,1.31996934948964,0.00899535479517449,0.00681471546978634
8,51.5093392948526,-0.161028928496091,1.30778119177768,-0.0762125608581292,-0.0582103956409094
8.5,51.5093470815788,-0.161029657594487,1.32713830736832,-0.0872004192395764,-0.0656112892251316
9,51.5093549835602,-0.161030491810022,1.26854754579727,-0.0607216934195281,-0.0478305924676907
9.5,51.5093625366834,-0.161031072713341,1.32257470854206,0.140342938279376,0.105717817795579
10,51.5093704114924,-0.161029730103379,1.27892150688245,0.0525336009953096,0.0410534065859173
10.5,51.5093780263838,-0.161029227533646,1.2599648041053,0.0094176650982131,0.00747440697448943
11,51.509385528404,-0.161029137438634,1.2299524554033,0.0108146866527117,0.00879254146261523
11.5,51.5093928517262,-0.161029033978769,1.29975064338838,-0.0254610489080413,-0.0195866745777917
12,51.5094005906373,-0.161029277556128,1.25974236438896,-0.0254789199872648,-0.0202227434210788
12.5,51.5094080913331,-0.16102952130452,1.29992949938854,-0.0135387081902676,-0.0104145791814507
13,51.5094158313092,-0.161029650825155,1.26905468598041,-0.0489918767874933,-0.0385858550977981
13.5,51.509423387452,-0.161030119514015,1.28834239885396,-0.0653747911295473,-0.0506998503152604
14,51.5094310584367,-0.161030744932738,1.24880085356696,-0.0547396394803893,-0.0438057203399262
14.5,51.509438493985,-0.161031268608798,1.26997443911065,0.00805754339603831,0.00634456492416129
15,51.5094460556042,-0.161031191525829,1.19696726434394,-0.0852605893070493,-0.0711104064843545
15.5,51.5094531825275,-0.161032007185654,1.24291023806844,-0.132944123994431,-0.106556832159441
16,51.5094605830023,-0.161033279018019,1.28736861835227,-0.0823531449415268,-0.0638830900481274
16.5,51.5094682481889,-0.16103406686398,1.28975549716594,-0.0251148866258639,-0.0194701344808287
17,51.5094759275874,-0.161034307130968,1.3085414329266,-0.061800633608438,-0.0471935727550645
17.5,51.5094837188402,-0.161034898358367,1.34755234921926,-0.0812567911847408,-0.0602266185456698
18,51.5094917423698,-0.16103567571662,1.29851800420168,-0.0620563676352465,-0.0477538151895491
18.5,51.5094994739415,-0.161036269390969,1.33933645348207,-0.0421647290288663,-0.0314714105773557
19,51.5095074485525,-0.161036672768801,1.24881495617218,-0.0544169572897863,-0.0435473281664386
19.5,51.5095148841848,-0.161037193359711,1.34948491628246,0.0372888820711162,0.0276249075840524
20,51.5095229192213,-0.161036836630995,1.27999999073786,-0.000153984013582236,-0.000120300010901287
20.5,51.5095305405341,-0.161036838105846,1.22962941973046,-0.0301908948748356,-0.0245479083408478
21,51.5095378619329,-0.161037126934083,1.24893851768342,-0.0515031945294673,-0.0412142224623804
21.5,51.5095452983009,-0.161037619650381,1.27831475471541,0.0656611595761511,0.0513203056315547
22,51.5095529095796,-0.161036991492869,1.23889685511068,-0.052293234714175,-0.0421844737875672
22.5,51.509560286158,-0.161037491767357,1.19792736450794,-0.0704984351816481,-0.0587825428789555
23,51.509567418798,-0.161038166205348,1.24989580787347,0.0161390662777422,0.0129116117677305
23.5,51.5095748608659,-0.161038011809885,1.21999307842822,0.0041095726343334,0.00336850852961273
24,51.5095821248885,-0.161037972496731,1.26714005280268,-0.0851826659786368,-0.0671233585387273
24.5,51.5095896696311,-0.161038787414698,1.26982888464083,-0.0208471516480553,-0.0164158173144027
25,51.5095972303836,-0.16103898685499,1.29998800087348,0.00558547983460954,0.00429653616885678
25.5,51.509604970708,-0.161038933422553,1.31956036868931,-0.0340651344417148,-0.0258097854461889
26,51.5096128275692,-0.161039259315411,1.28972595634132,-0.0265886731421628,-0.0206128341919874
26.5,51.5096205067918,-0.161039513683304,1.26504737270914,-0.112049742532918,-0.088343010881992
27,51.5096280390743,-0.161040585631386,1.27918801673132,-0.0455852810783449,-0.0356210333701913
27.5,51.5096356555524,-0.161041021734388,1.28870468481466,0.0577947691123433,0.0448171482058645
28,51.5096433286942,-0.161040468831617,1.30949804341594,-0.03626119537237,-0.0276838378007054
28.5,51.5096511256428,-0.161040815734055,1.28995438172613,-0.0108486434889061,-0.00840990028753414
29,51.5096588062255,-0.16104091952223,1.28467434660077,-0.11709749436215,-0.0908983745971683
29.5,51.50966645537,-0.161042039761838,1.2975276829446,-0.0801368329322934,-0.0616828250360836
30,51.5096741810451,-0.161042806410048,1.2968654728682,-0.090221645309375,-0.0694570990015812
30.5,51.5096819027774,-0.161043669536973,1.31913589821853,-0.0477543927946371,-0.0361854665845561
31,51.5096897571112,-0.161044126392361,1.28993188405372,0.0132564890381288,0.0102765289695984
31.5,51.50969743756,-0.161043999574333,1.25960448324084,-0.0315681136523408,-0.0250566802913793
32,51.5097049374347,-0.161044301580306,1.26900829320653,0.0501791966161361,0.0395214660355625
32.5,51.5097124933014,-0.16104382153321,1.23908483253689,-0.0476316887904771,-0.0384221050436097
33,51.509719870999,-0.16104427721487,0.995676557084447,-0.0928880706682118,-0.093022168025489
33.5,51.5097257994071,-0.161045165851113,0.818929864099783,-0.0418793228874515,-0.0510945738043598
34,51.5097306754388,-0.161045566500806,0.529999917925637,0.000294955619791309,0.000556520066069155
34.5,51.5097338311382,-0.161045563680372,0.241641208651432,0.0641055869755132,0.25931896600963
35,51.5097352699064,-0.161044950400812,0.247251565948362,0.131402675528632,0.488492536936343
35.5,51.5097367420797,-0.161043693308841,0.180947261553639,0.172505329008234,0.761518502949756
36,51.5097378194672,-0.161042042999077,0.148720430728649,0.260542191370006,1.05211565306362
36.5,51.5097387049713,-0.161039550465151,0.0651425265598624,0.262023760818361,1.32712345300905
37,51.50973909284,-0.161037043757253,0.011224465178877,0.319803082195041,1.53571267636206
37.5,51.5097391596724,-0.161033984290652,-0.0625996532702162,0.24203570689146,1.82388828965105
38,51.5097387869447,-0.161031668802716,-0.121773101486599,0.252133519696082,2.02072791720968
38.5,51.5097380618894,-0.161029256711847,-0.145996466846977,0.190486303098673,2.22473675694227
39,51.5097371926045,-0.161027434382703,-0.193776054432357,0.141600991269934,2.51052869727732
39.5,51.5097360388327,-0.161026079725703,-0.261068089990545,0.0688727260146482,2.88365790123881
40,51.509734484394,-0.161025420839682,-0.219865462389032,0.0076927529829883,3.10661846497675
40.5,51.5097331752819,-0.161025347245306,-0.299854193156839,0.00935215730520528,3.11041374452175
41,51.5097313899048,-0.161025257775892,-0.539577593468401,0.0213546394689532,3.10203671040021
41.5,51.5097281771786,-0.161025053482165,-0.746920642427715,-0.0678936956968012,3.23224167773678
42,51.5097237299005,-0.161025703002074,-0.989495735455789,-0.0315941373486923,3.17351134317099
42.5,51.5097178382939,-0.161026005254304,-1.20559274126023,0.103180144507728,3.05621612427119
43,51.5097106600131,-0.161025018159417,-1.3374620548195,0.0824333180092084,3.0800363848838
43.5,51.5097026965625,-0.161024229543809,-1.29966066570635,-0.0297010776861015,3.16444162452124
44,51.5096949581871,-0.161024513685812,-1.31904983427389,0.0500752903339455,3.10364772260363
44.5,51.5096871043657,-0.161024034630402,-1.32995863880521,-0.0104889974439826,3.14947919958718
45,51.5096791855916,-0.161024134975995,-1.27767301059713,0.0771471191404556,3.08128491663619
45.5,51.509671578134,-0.161023396932572,-1.22999914635261,0.00144912795983552,3.14041450050436
46,51.5096642545338,-0.161023383069686,-1.3198942540953,-0.0167080222111029,3.15425058418696
46.5,51.5096563956846,-0.1610235429109,-1.27916998194984,0.0460885807814571,3.10557816496676
47,51.5096487793139,-0.161023101995704,-1.24649925864008,0.0934858182278764,3.06673410317161
47.5,51.5096413574695,-0.161022207645502,-1.21850733747222,0.0603313229289274,3.09212057164042
48,51.5096341022932,-0.161021630474622,-1.21923296141155,0.0432548934527915,3.10613039063275
48.5,51.5096268427965,-0.161021216668948,-1.31927547622113,-0.0437289131068576,3.17472668050634
49,51.5096189876315,-0.161021635011026,-1.30978261065847,-0.0238644676596659,3.15981081223008
49.5,51.5096111889886,-0.161021863315896,-1.27401882225368,0.123596280459165,3.04488237673305
50,51.5096036032886,-0.161020680909142,-1.29889286626647,-0.0536406745117468,3.18286642838943
50.5,51.5095958694848,-0.161021194073835,-1.28688130310828,0.0896465934118135,3.07204311375819
51,51.5095882071996,-0.161020336453683,-1.27375342605382,0.126302057054381,3.04275834419462
51.5,51.5095806230798,-0.161019128162462,-1.27997168552606,0.00851376835295063,3.13494122301925
52,51.5095730019355,-0.161019046715146,-1.20882963785035,-0.0532062651816994,3.18557895628103
52.5,51.5095658043818,-0.161019555723834,-1.2567092571817,0.0910046312767734,3.06930381251585
53,51.5095583217455,-0.161018685112576,-1.28986367682489,-0.0187535385398801,3.15613079248355
53.5,51.5095506417029,-0.161018864523,-1.20815251251206,-0.0668394083666615,3.19685996520516
54,51.5095434481809,-0.161019503955373,-1.30970332735147,-0.0278782051875534,3.16287533288924
54.5,51.50953565001,-0.161019770658362,-1.24997612247966,-0.00772613944360422,3.14777360450094
55,51.5095282074639,-0.161019844572926,-1.27591010414088,0.102241900174093,3.06163098558624
55.5,51.5095206105028,-0.161018866459067,-1.32925761458864,0.0444319036068332,3.10817899004091
56,51.5095126959027,-0.161018441394907,-1.23760416369284,0.0770450128830094,3.07941953142094
56.5,51.5095053270211,-0.161017704331903,-1.31773379187484,0.0773152879523984,3.0829869233255
57,51.5094974810355,-0.161016964683605,-1.2992182348819,0.0450774683223897,3.10691072559599
57.5,51.5094897452944,-0.16101653344405,-1.34998118463854,-0.00712749057669858,3.14687230076724
58,51.509481707303,-0.161016601632124,-1.31731413916803,0.183257902279791,3.00336499412261
58.5,51.5094738638161,-0.161014848466949,-1.27572164203334,0.104567165246819,3.05980841504286
59,51.5094662679771,-0.161013848110061,-1.30992272138361,0.0142289846073537,3.13073061968946
59.5,51.5094584684999,-0.161013711988344,-1.32611608316727,0.101568370889261,3.06515103368951
60,51.5094505726049,-0.161012740320519,-1.28999972176871,-0.000847252409813181,3.14224943845082
60.5,51.5094428917522,-0.161012748428206,-1.3296242479627,0.0316126435090187,3.1178215100432
61,51.5094349749691,-0.161012446003291,-1.33655930249265,0.0959647379007725,3.06991581919939
61.5,51.5094270168936,-0.161011527944229,-1.27998931804238,-0.00522931137038705,3.14567806446255
62,51.5094193956443,-0.161011577973735,-1.28993818477026,0.0126285181873998,3.13180294823656
62.5,51.5094117151581,-0.161011457163611,-1.29924371040035,0.0443371287426162,3.10748055465282
63,51.5094039792652,-0.161011033008372,-1.29563051104702,-0.106496848986424,3.22360521263923
63.5,51.5093962648861,-0.161012051828876,-1.31999090450767,-0.00490020581434357,3.14530493924841
64,51.5093884054615,-0.161012098709899,-1.29942344845704,-0.0387130675614076,3.17137633949288
64.5,51.5093806684985,-0.16101246906651,-1.22951890146188,-0.0343987056148626,3.16956272772456
65,51.5093733477578,-0.161012798148908,-1.27998010233227,0.00713706056192089,3.13601679613343
65.5,51.5093657265635,-0.161012729873491,-1.29946119082777,0.0374247716423844,3.11280038977141
66,51.5093579893757,-0.161012371846498,-1.26949973309503,0.0356430592350796,3.11352356694698
66.5,51.509350430583,-0.161012030864569,-1.28935466966837,0.0407987230728917,3.10996046157106
67,51.5093427535711,-0.161011640560427,-1.27944797395679,0.0375883218281004,3.11222255488931
67.5,51.5093351355451,-0.161011280969134,-1.22605240408629,0.0984657424398044,3.06145345244005
68,51.5093278354442,-0.161010338985861,-1.31998149994337,-0.00698854829339111,3.14688703309146
68.5,51.5093199760755,-0.161010405845513,-1.25994064711064,0.0122297080269875,3.13188638370145
69,51.5093124741991,-0.161010288851056,-1.29664364687818,0.0933555194428465,3.06971885006665
69.5,51.5093047537874,-0.161009395756176,-1.24999993744076,-0.000395471979711582,3.14190903117884
70,51.5092973110995,-0.161009399542296,-1.3099222130623,0.0142757040443652,3.1306949538862
70.5,51.5092895116252,-0.161009262974898,-1.31868060233841,0.0590039745814522,3.0968777736947
71,51.5092816600022,-0.161008698509012,-1.27673820735202,0.0913211360395378,3.07018735228843
71.5,51.5092740581105,-0.161007824877134,-1.28927889578537,-0.0431268927986518,3.17503058421702
72,51.5092663815498,-0.161008237458911,-1.06873010757739,0.0521148458466302,3.09286791289948
72.5,51.5092600181696,-0.161007738898549,-0.746781711955688,0.0694051488618277,3.04891986259967
73,51.5092555717187,-0.161007074927782,-0.599347269178584,0.0279794733362477,3.09494328042238
73.5,51.5092520031148,-0.161006807260368,-0.305401658993676,0.0955501265509906,2.83837339473488
74,51.5092501847071,-0.161005893169635,-0.2428785025318,0.158461455906194,2.56351039201658
74.5,51.5092487385716,-0.16100437723019,-0.152721352059809,0.158354629313525,2.33808746191938
75,51.5092478292454,-0.161002862312532,-0.0934207101241465,0.176840523975417,2.05680848400841
75.5,51.5092472730041,-0.161001170547267,-0.0620589061286222,0.32411215986155,1.75998009726533
76,51.5092469034953,-0.160998069890617,0.00767706828288906,0.259886634174557,1.54126484883801
76.5,51.5092469492051,-0.160995583654728,0.0661993432667905,0.251431197250949,1.31334897979812
77,51.5092473433653,-0.160993178308505,0.140521752985765,0.242185129472905,1.04504453834201
77.5,51.5092481800523,-0.160990861415485,0.139242678407203,0.12927287615733,0.748285882738537
78,51.5092490091238,-0.160989624710702,0.23084873223622,0.119619659023632,0.478080356404518
78.5,51.5092503836316,-0.160988480354056,0.280249659625219,0.0745662677083219,0.260046057435111
79,51.50925205228,-0.16098776700567,0.279967116275319,0.00429113090947662,0.0153260675125719
79.5,51.5092537192464,-0.160987725952643,0.309998500141967,0.000964318272705271,0.00311070912230041
80,51.5092555650242,-0.160987716725808,0.549577001346763,-0.0215666314175302,-0.0392221127298583
80.5,51.5092588372885,-0.16098792304278,0.76928461027447,-0.0331841587938607,-0.0431096616888504
81,51.509263417725,-0.160988240499154,1.00993480435421,-0.0114756679122196,-0.0113622919180878
81.5,51.509269431029,-0.160988350277482,1.20981841958333,-0.0209616706606363,-0.0173245613813929
82,51.5092766344702,-0.16098855080386,1.31999255249788,0.0044341121032026,0.00335918215331652
82.5,51.5092844939047,-0.160988508377834,1.26989118686642,-0.0166244855255274,-0.0130905199488752
83,51.5092920550282,-0.160988667411777,1.29587819872878,-0.103439325497854,-0.0796529126717388
83.5,51.5092997708825,-0.160989656970921,1.24907894667762,-0.0479769211886127,-0.0383909667815031
84,51.5093072080869,-0.160990115942344,1.25977469100868,0.023827041234203,0.0189114774283888
84.5,51.5093147089751,-0.160989887991847,1.32987247466304,-0.0184174138684685,-0.013848122206302
85,51.5093226272362,-0.160990064178126,1.30995349739523,-0.0110378739801339,-0.00842595770236895
85.5,51.5093304268967,-0.1609901697672,1.2888686583383,-0.0540146420263925,-0.0418840604735952
86,51.509338101015,-0.160990686499508,1.25966903979952,-0.0288775028447226,-0.0229206599188398
86.5,51.5093456012743,-0.160990962754223,1.27937511750511,0.039991357926217,0.0312483335809594
87,51.5093532188663,-0.160990580165396,1.29550158459537,-0.108053895398973,-0.0832143860251831
87.5,51.5093609324782,-0.160991613872127,1.28904815200689,-0.0495465620160538,-0.038417637105443
88,51.5093686076652,-0.160992087860499,1.27975423935289,0.0250816039817919,0.0195962572905979
88.5,51.5093762275147,-0.160991847907974,1.31982466727507,0.021513894399982,0.0162991265140198
89,51.5093840859495,-0.160991642086199,1.27919679822029,-0.0453381894539366,-0.0354278711670732
89.5,51.5093917024801,-0.160992075814845,1.28954451306135,-0.0342775266516484,-0.0265748539376658
90,51.5093993806225,-0.160992403730112,1.30982497545794,0.0214133992303222,0.0163468343037251
90.5,51.5094071795176,-0.160992198869776,1.29993717621765,0.0127803711712644,0.0098312131153272
91,51.5094149195394,-0.16099207659859,1.29743584298643,-0.081610252628496,-0.0628184244563738
91.5,51.509422644668,-0.160992857329792,1.29955754846386,-0.0339142776806949,-0.026090865960964
92,51.5094303824296,-0.160993181770292,1.25740494973873,-0.0808256912901507,-0.0641914488862499
92.5,51.5094378692082,-0.160993954996486,1.32967983855997,-0.0291809343086995,-0.021942312812359
93,51.5094457863224,-0.160994234154875,1.26846566947527,-0.0624086962102404,-0.0491605047692202
93.5,51.5094533389582,-0.160994831192324,1.35975911001322,-0.025596146898354,-0.0188218075327379
94,51.5094614351689,-0.160995076056387,1.33813096242821,0.0707497518790254,0.0528228837748663
94.5,51.509469402602,-0.160994399211824,1.30999869883196,0.001846363605736,0.00140943833361939
95,51.5094772025316,-0.160994381542793,1.28999889176294,0.00169093181329702,0.00131080023063787
95.5,51.5094848833793,-0.160994365360804,1.26750788250325,-0.0795221214010956,-0.062656832763605
96,51.5094924303124,-0.160995126117255,1.25893228588627,-0.0518603852007633,-0.0411706657637667
96.5,51.509499926185,-0.160995622243291,1.30995940527106,-0.0103129308096371,-0.00787254758613404
97,51.5095077258807,-0.160995720898435,1.32859031584598,0.0612190545523068,0.0460456335951633
97.5,51.5095156365074,-0.160995135230403,1.25972451847075,0.0263464905374136,0.0209114371457396
98,51.5095231370969,-0.160994883176938,1.26990042448351,0.015903203972481,0.0125225351343477
98.5,51.5095306982752,-0.16099473103089,1.24995535127682,0.0105650278959288,0.00845212295071543
99,51.5095381406977,-0.160994629953487,1.3097745591082,0.0243023520037634,0.0185524780016445
99.5,51.5095459392927,-0.160994397455222,1.27987362571846,-0.0179861666364919,-0.0140521551437955
100,51.5095535598531,-0.160994569517783,1.28825167268176,-0.0671388697599966,-0.0520691605797671
100.5,51.5095612302978,-0.160995211808689,1.20998173715695,-0.00664798816514012,-0.00549423273714365
101,51.5095684347113,-0.160995275402953,1.319714633614,-0.0274460529962074,-0.0207939628717636
101.5,51.5095762924911,-0.160995537965346,1.28998722977925,0.00573994829656041,0.0044495870056659
102,51.5095839732694,-0.160995483047841,1.22992951049613,0.0131681134085164,0.0107059877745797
102.5,51.5095912964549,-0.160995357067614,1.32690206939183,-0.0907242979784241,-0.0682667700527495
103,51.50959919703,-0.160996224993531,1.30999973593208,-0.00083177994675723,-0.000634946566906033
103.5,51.5096069969657,-0.160996232945738,1.19701140197819,-0.0846386645346631,-0.0705908322983819
104,51.5096141241521,-0.160997042653211,1.24836383783344,-0.0639353453871499,-0.0511706045004591
104.5,51.5096215570986,-0.160997654298396,1.19756538582943,-0.0764012216081132,-0.0637107769373884
105,51.5096286875835,-0.160998385201228,1.27962612212913,-0.0309352156089691,-0.0241704905766787
105.5,51.5096363066703,-0.160998681144418,1.22831837797669,-0.0642958966397393,-0.0522969218409096
106,51.5096436202631,-0.160999296239524,1.30904885827429,-0.0499107869181021,-0.0381090609738272
106.5,51.5096514145373,-0.160999773716492,1.29873456445722,-0.0573457154818525,-0.0441264074857531
107,51.5096591473987,-0.161000322321416,1.24999032260918,0.00491867699715312,0.00393495175241199
107.5,51.5096665900293,-0.161000275261615,1.31703341053054,-0.0884476994968591,-0.0670560747870644
108,51.5096744318448,-0.161001121410302,1.21858061216627,-0.0588327430303384,-0.0482422701898624
108.5,51.5096816874575,-0.16100168424195,1.27408391763023,-0.122923434852813,-0.096182161894831
109,51.5096892735453,-0.161002860210648,1.31518668982123,-0.112623136686359,-0.0854244152293673
109.5,51.5096971043652,-0.161003937639637,1.34957800733451,-0.0337520683662706,-0.025004137501567
110,51.509705139956,-0.161004260532019,1.30979437868182,-0.0232096008907643,-0.0177181796299922
110.5,51.5097129386691,-0.16100448256785,1.22992062571659,-0.013973347376861,-0.0113606893986565
111,51.5097202618018,-0.161004616243367,1.07855883113577,-0.0557749744870742,-0.0516664784590917
111.5,51.5097266837036,-0.161005149823719,0.755308776747546,-0.0843128209000573,-0.111166748094706
112,51.509731180926,-0.161005956418644,0.519128434262848,-0.0300943306920799,-0.0579060683737299
112.5,51.509734271895,-0.161006244321264,0.362586706068899,0.0736945084935512,0.200515314874357
113,51.5097364307907,-0.161005539305603,0.219236455354047,0.120147312262044,0.501326522026546
113.5,51.5097377361574,-0.161004389889317,0.1537989060713,0.157308284878043,0.796677973282936
114,51.5097386518989,-0.161002884964539,0.0998548565002064,0.207193165025594,1.12170010734446
114.5,51.5097392464494,-0.161000902805184,0.109262081851927,0.353499359927826,1.27102375984969
115,51.5097398970115,-0.160997520975286,0.00142474535185096,0.2499959401684,1.56509731453809
115.5,51.509739905494,-0.160995129334023,-0.058627591034134,0.253303781198652,1.79824304121405
116,51.5097395564159,-0.160992706047834,-0.110349676190851,0.213126603136667,2.04855538920771
116.5,51.5097388993767,-0.160990667125746,-0.14255247195024,0.154203737765581,2.31695256663923
117,51.5097380505973,-0.160989191902431,-0.232105809126167,0.137938005531063,2.60538275714358
117.5,51.5097366686039,-0.160987872289326,-0.2377821753854,0.077198685668778,2.82766706862822
118,51.5097352528128,-0.16098713375236,-0.259979727294144,0.00324675161702943,3.12910482280194
118.5,51.5097337048543,-0.160987102692936,-0.339849751532044,0.0101067494085898,3.11186254058851
119,51.5097316813377,-0.160987006006255,-0.499071000204933,0.0304653369331038,3.08062421526653
119.5,51.5097287097937,-0.16098671455554,-0.797071742655433,0.0683859419780953,3.05600577544441
120,51.5097239639082,-0.160986060330724,-1.10906353205509,0.045585983213004,3.10051264700946
120.5,51.5097173603767,-0.16098562422844,-1.2296672337614,0.028609337873899,3.11833093150928
121,51.5097100387527,-0.160985350537646,-1.30957193722812,0.0334864334406997,3.11602770601655
121.5,51.509702241364,-0.160985030189601,-1.25999978454657,-0.000736846390597717,3.14217745234582
122,51.5096947391355,-0.160985037245619,-1.21959012677599,0.0316215538917106,3.11567044409999
122.5,51.509687477512,-0.160984734738005,-1.31993969950232,0.012617039182278,3.13203414502125
123,51.5096796183922,-0.160984614041676,-1.28958724075717,-0.0326304838504075,3.16689030051785
123.5,51.5096719399956,-0.160984926214978,-1.30963365655921,0.0309787928645627,3.11794251546557
124,51.5096641422394,-0.16098462985713,-1.29901146079697,-0.0506875203391599,3.18059293981649
124.5,51.5096564077297,-0.160985114776677,-1.28999866617388,0.00185506593184136,3.14015461748808
125,51.5096487268833,-0.160985097036786,-1.30998210208951,-0.00684778834085265,3.14681999674022
125.5,51.5096409270525,-0.160985162554601,-1.30924533493727,-0.044459565281268,3.17553777166166
126,51.5096331316087,-0.160985587892899,-1.29929326019949,0.0428605179643884,3.10861704848454
126.5,51.5096253954208,-0.160985177866279,-1.27890313474785,0.168839485702058,3.01033273945035
127,51.5096177806383,-0.160983562637358,-1.28843758520728,0.0634711668809733,3.09237032476572
127.5,51.5096101090866,-0.160982955435405,-1.31373112068376,0.128493356042196,3.04409480912539
128,51.5096022869331,-0.160981726186578,-1.26999615671338,-0.00312440926164273,3.1440528208444
128.5,51.5095947251847,-0.160981756084257,-1.29793463837911,0.0732507644717462,3.08521605261017
129,51.5095869970861,-0.16098105532461,-1.36901322079019,0.0519884727769076,3.10363574964496
129.5,51.509578845775,-0.160980557975309,-1.29969663846872,-0.0280828765106449,3.16319654677544
130,51.5095711071855,-0.160980826643138,-1.23999506609682,-0.00349800736819818,3.14441363101534
130.5,51.5095637240681,-0.160980860114862,-1.29989913797081,0.0161935512701298,3.12913575352695
131,51.5095559842727,-0.160980705204056,-1.27989639924122,0.0162851837372932,3.12886951053087
131.5,51.5095483635767,-0.160980549416565,-1.24916667830063,-0.0456356201158908,3.1781092647324
132,51.5095409258503,-0.160980986005371,-1.26976789919682,-0.0242792538864406,3.16071134103759
132.5,51.509533365461,-0.160981218284697,-1.27998188589422,-0.00680968300907777,3.14691274353667
133,51.5095257442561,-0.160981283438292,-1.37990322105324,0.0163432104214668,3.12974947063314
133.5,51.5095175281044,-0.160981127096277,-1.2799473338277,0.0116113146265227,3.132521189621
134,51.5095099071051,-0.16098101602222,-1.26930097164441,0.0421312637189793,3.10841234230723
134.5,51.5095023494958,-0.160980612973841,-1.30512127174389,0.112953379947724,3.05526150072884
135,51.5094945786067,-0.160979532394076,-1.29983418360028,0.0207628308325511,3.12562056616564
135.5,51.5094868391981,-0.160979333770954,-1.27986130381999,-0.0188425843293095,3.15631395431658
136,51.5094792187111,-0.160979514039541,-1.26989864183998,0.0160449198494765,3.12895852232272
136.5,51.5094716575433,-0.160979360550974,-1.25850684708223,0.0613230449924095,3.09290433617564
137,51.5094641642037,-0.160978773901846,-1.32999275162651,0.00439097038775813,3.13829116609764
137.5,51.5094562452265,-0.16097873190321,-1.29834589278093,0.0655586965924135,3.09114148730861
138,51.5094485146792,-0.1609781047336,-1.30963910976381,0.0307473930121514,3.11811920561772
138.5,51.5094407168905,-0.160977810592096,-1.27939586325384,0.0393220687267559,3.11086745333279
139,51.5094330991747,-0.160977434419527,-1.25999559437013,0.00333199157737666,3.13894821274785
139.5,51.5094255969711,-0.160977402551588,-1.31828913916966,0.0671844144672327,3.09067336905927
140,51.5094177476787,-0.160976759830077,-1.33956951489353,0.0339634328053001,3.11624409368255
140.5,51.5094097716799,-0.160976434922467,-1.26977502365873,-0.0239037505940897,3.16041561593979
141,51.5094022112482,-0.160976663609571,-1.2773708085945,0.0819988862767982,3.0774871255624
141.5,51.5093946055896,-0.160975879163412,-1.30904477176008,0.0500178520889925,3.1034018039667
142,51.5093868113397,-0.160975400668968,-1.23651071385957,0.0929583482560706,3.06655584745912
142.5,51.5093794489682,-0.16097451137773,-1.20906824817143,0.0474760072423528,3.10234620963647
143,51.5093722499935,-0.160974057199917,-1.3099782977597,-0.00754051713082216,3.14734880532363
143.5,51.5093644501854,-0.160974129346312,-1.28843317168756,-0.063560696150408,3.19088446922779
144,51.5093567786605,-0.160974737417418,-1.2399981023265,0.002169383939347,3.13984314952043
144.5,51.509349395525,-0.160974716672088,-1.30772283687994,0.0772073953884686,3.08262153690127
145,51.5093416091459,-0.160973978065825,-1.2576867820914,0.0763148619377852,3.08098821066335
145.5,51.509334120689,-0.160973247998007,-1.29957818858937,0.0331139206796417,3.11611765155956
146,51.5093263828046,-0.1609729312183,-1.25973130463051,-0.0260199948868965,3.16224491123677
146.5,51.5093188821747,-0.160973180150828,-1.24997943241547,-0.00717067209537432,3.14732922272943
147,51.5093114396089,-0.160973248758701,-1.25995632896894,0.010490428547304,3.13326682045739
147.5,51.5093039376391,-0.160973148409426,-1.2999970959056,-0.00274784224706963,3.1437063799692
148,51.5092961972606,-0.160973174706066,-1.28998511347959,0.00619733822256708,3.13678849695286
148.5,51.5092885164949,-0.160973115427434,-1.29911277264774,0.0480208698745064,3.10464511718463
149,51.5092807813815,-0.160972656038885,-1.23986726676656,0.0181427892239414,3.12696084987681
149.5,51.5092733990249,-0.160972482482389,-1.24997804573174,0.0074084538650877,3.13566585579941
150,51.5092659564673,-0.160972411617337,-1.0197407703727,0.022994808972564,3.11904681320858
150.5,51.5092598847771,-0.16097219164195,-0.759571355261228,0.0255216822843144,3.10800517793669
151,51.5092553621747,-0.160971947491135,-0.479515415671145,0.0215630733832018,3.09665446056223
151.5,51.5092525070676,-0.160971741208864,-0.385743644566397,0.105838748464979,2.87380678297498
152,51.5092502102913,-0.160970728692793,-0.234752287265705,0.133384270525126,2.62489014336822
152.5,51.5092488125402,-0.160969452658237,-0.200023007322774,0.181358199543206,2.40509550391898
153,51.5092476215723,-0.16096771767529,-0.138457897652573,0.208157177578938,2.15775535913903
153.5,51.5092467971721,-0.160965726316391,-0.0473128920254572,0.194323159320209,1.80962474341872
154,51.509246515463,-0.160963867301569,0.00377037527021274,0.199964457517634,1.55194333362697
154.5,51.5092465379114,-0.160961954318202,0.0856532379378009,0.266577423707955,1.25990808212588
155,51.5092470479022,-0.160959404073393,0.126240559765462,0.227295668832696,1.06381486469315
155.5,51.5092477995563,-0.160957229621665,0.125582646793581,0.114581843344915,0.739624870981322
156,51.5092485472936,-0.160956133459894,0.244683284124409,0.155660176249719,0.566591415039448
156.5,51.5092500041738,-0.160954644316277,0.279337541850136,0.0779136554983998,0.272009690111506
157,51.5092516673912,-0.160953898943486,0.249672781959179,-0.0127867880550339,-0.0511694789376247
157.5,51.5092531539806,-0.160954021267438,0.309995225687163,0.0017204799229037,0.0055499637268832
158,51.5092549997389,-0.160954004805328,0.459999779558524,-0.000450339993549597,-0.000979000142363069
158.5,51.5092577386469,-0.160954009109203,0.828534428507836,-0.0493021376533924,-0.0594351524833246
159,51.509262671866,-0.160954480756183,0.999931039374233,-0.0117437854189283,-0.0117440553793055
159.5,51.5092686256061,-0.160954593095127,1.22997443941341,0.00792958950247226,0.00644686539113988
160,51.5092759490591,-0.160954517224182,1.32999999082043,0.000156261487593206,0.000117489840565946
160.5,51.5092838680794,-0.160954515716782,1.31706063422646,-0.0880413866939439,-0.0667475719069175
161,51.5092917100573,-0.160955357963442,1.27961139864448,-0.0315383648770815,-0.0246418413223987
161.5,51.5092993290566,-0.160955659667353,1.23928800003398,-0.0420149136828078,-0.0338894815273939
162,51.5093067079642,-0.160956061596995,1.23944234655989,0.0371842648724476,0.0299918064927155
162.5,51.5093140877905,-0.160955705857452,1.28999305806488,-0.00423203785535309,-0.00328065538505536
163,51.5093217686035,-0.160955746331876,1.21986467341999,-0.0181708156649946,-0.0148946619271991
163.5,51.5093290318616,-0.160955920154148,1.35999948745746,-0.00118072666315996,-0.00086818147903427
164,51.5093371295034,-0.160955931437192,1.31970941483449,-0.0276958552350737,-0.0209832482867141
164.5,51.5093449872522,-0.160956196381235,1.22776557743815,0.0741059164842829,0.060285221797578
165,51.509352297553,-0.16095548742541,1.27910178635469,0.0479439270839224,0.03746495686505
165.5,51.5093599135175,-0.160955028751227,1.32919175631952,0.0463602732113597,0.0348644109563158
166,51.5093678277251,-0.16095458522667,1.24997848635019,-0.00733373449886057,-0.00586702125807129
166.5,51.5093752702854,-0.160954655374155,1.32997392580726,-0.00832806537075819,-0.00626174420611861
167,51.5093831891505,-0.160954735033324,1.31935226840148,-0.0413472110774348,-0.0313287693257739
167.5,51.5093910447729,-0.160955130575135,1.30972162057563,0.0270051216759948,0.0206160570471723
168,51.5093988430526,-0.160954872214412,1.37917738814439,0.0476417047473199,0.0345298357543904
168.5,51.5094070548822,-0.160954416429971,1.30998120490493,0.00701732112827112,0.00535675930425192
169,51.5094148547076,-0.160954349285367,1.26950160014469,-0.0355764982827018,-0.0280166558295733
169.5,51.5094224135116,-0.160954689621443,1.28998700140489,0.00579104536555732,0.00448919753229257
170,51.5094300942885,-0.160954634208409,1.24760771337814,-0.0772980822489562,-0.0618779454462599
170.5,51.5094375227332,-0.160955373680929,1.30865248535067,-0.0594026311328476,-0.0453610743774756
171,51.5094453146476,-0.16095594195346,1.33971165018558,-0.0277973803989044,-0.0207458018235424
171.5,51.5094532914927,-0.160956207869206,1.21980789723867,-0.021649337961386,-0.0177462904457224
172,51.5094605544128,-0.1609564149699,1.27996615318706,-0.00930842067745862,-0.0072722677541396
172.5,51.5094681755242,-0.16095650400871,1.21993934777363,0.0121650217280472,0.00997149452991522
173,51.5094754392268,-0.160956387618871,1.32982237217222,-0.0217361098235693,-0.0163436673149574
173.5,51.5094833571896,-0.160956595548807,1.23892864021758,0.0515346917001285,0.0415722087254952
174,51.5094907339571,-0.160956102522206,1.28993235398579,-0.013210682824326,-0.0102410184081335
174.5,51.5094984144087,-0.160956228892584,1.2898596948152,-0.0190254485160252,-0.0147489444228562
175,51.5095060944277,-0.160956410890958,1.30931460022458,-0.0423707167598033,-0.0323497006438797
175.5,51.5095138902843,-0.16095681622576,1.25986503484447,-0.0184416370296261,-0.0146367424743941
176,51.5095213917106,-0.160956992639433,1.32992312911115,-0.0142993235925848,-0.0107515782617335
176.5,51.5095293102734,-0.160957129424357,1.22976010069386,-0.0242918657460453,-0.0197507684269348
177,51.5095366324504,-0.160957361805665,1.31984115933163,0.0204771612812128,0.0155136232468921
177.5,51.5095444909834,-0.160957165895311,1.28992531065501,-0.0138813879557238,-0.0107609735401392
178,51.5095521713931,-0.160957298682439,1.38506972336494,-0.116969489260147,-0.0842503461867278
178.5,51.5095604183075,-0.16095841767991,1.30674559426679,-0.0922819151531621,-0.0705026024314883
179,51.5095681988681,-0.160959300500242,1.2889496264513,-0.0520467143155711,-0.0403572442971908
179.5,51.5095758734687,-0.160959798403499,1.32981630683197,-0.0221040739184523,-0.0166203696320353
180,51.5095837913954,-0.160960009854684,1.31999946194259,-0.00119183525819998,-0.000902905621316921
180.5,51.509591650871,-0.160960021245138,1.23992151122805,-0.0139515588357052,-0.0112514945233414
181,51.5095990335506,-0.160960154704622,1.27999107650503,0.00477954678881156,0.0037340296060012
181.5,51.5096066548102,-0.160960108969077,1.30999958623104,-0.00104118897968115,-0.000794800831528594
182,51.5096144547451,-0.160960118918454,1.33973096157049,-0.0268505234475242,-0.0200390451960166
182.5,51.5096224317052,-0.160960375777626,1.25999410922601,-0.00385288408336021,-0.00305784927597493
183,51.5096299339,-0.16096041262612,1.36901687563322,-0.0518921403630671,-0.0378865377250228
183.5,51.509638085233,-0.160960909050791,1.28569096357193,-0.105350587039147,-0.0817581753459792
184,51.5096457404312,-0.160961916897303,1.30931703831399,-0.0422953092042215,-0.0322921075449106
184.5,51.5096535363023,-0.160962321512889,1.28994077615036,-0.0123609880106878,-0.0095823078901711
185,51.509661216804,-0.160962439755988,1.25999161217521,0.00459752630422758,0.00364883849696146
185.5,51.5096687189839,-0.160962395762267,1.29784323451144,-0.0748527797272122,-0.0576109246625568
186,51.5096764465384,-0.160963111846017,1.26846592949895,-0.0624034109673946,-0.0491563381272437
186.5,51.509683999176,-0.160963708830767,1.24848060014864,-0.0616132376401553,-0.0493105710581006
187,51.5096914328178,-0.160964298256518,1.2579234094282,-0.0723097228077499,-0.0574202168810606
187.5,51.5096989226837,-0.160964990012576,1.27914447642165,-0.0467911149683184,-0.0365637050548967
188,51.5097065389028,-0.160965437639486,1.28998690774312,-0.00581187158668211,-0.00450534205301854
188.5,51.5097142196792,-0.160965493229718,1.19955080106067,0.0328310169610203,0.0273625951218134
189,51.5097213619852,-0.160965179135129,1.01967079553359,0.0259127137888917,0.0254073548239694
189.5,51.5097274332586,-0.160964931227343,0.848640079119601,0.0480626269764499,0.0565744415305577
190,51.5097324861892,-0.160964471418881,0.529437419055302,0.0244135065908398,0.0460795252014299
190.5,51.5097356385392,-0.160964237857422,0.369070980531202,0.0904798946160828,0.240414253145812
191,51.509737836043,-0.160963372258608,0.15380198390495,0.0935144360347719,0.546294531047526
191.5,51.5097387518027,-0.160962477630901,0.158699365599689,0.137530038021722,0.714056828754576
192,51.5097396967219,-0.160961161918161,0.120802762825927,0.241467787693562,1.10692057598632
192.5,51.5097404159985,-0.160958851862297,0.0635392908117072,0.231436294740357,1.30285472882341
193,51.5097407943197,-0.160956637775373,-0.00977481126084164,0.20977238394225,1.6173598714918
193.5,51.5097407361178,-0.160954630941684,-0.0632520431603084,0.272762129035624,1.79866330428063
194,51.5097403595039,-0.160952021503231,-0.0862997999398808,0.180422682970675,2.01695009793852
194.5,51.5097398456608,-0.160950295450713,-0.163651781903459,0.188992312753251,2.2844591366549
195,51.5097388712523,-0.160948487415772,-0.192493440870345,0.12588198926731,2.56244235348878
195.5,51.5097377251165,-0.160947283139998,-0.226070302181114,0.0805743040413006,2.79921651234191
196,51.5097363790594,-0.160946512310559,-0.249049803379855,0.0217760289413692,3.05437801506148
196.5,51.5097348961792,-0.160946303988004,-0.359466367121522,0.0195941549563927,3.08713753619824
197,51.5097327558622,-0.160946116539998,-0.609886719411368,-0.011755402402266,3.16086499807961
197.5,51.5097291245048,-0.160946229007022,-0.809813880543226,-0.0173631471664053,3.16303027972958
198,51.5097243027511,-0.160946395123831,-1.03999189053364,-0.00410702133698225,3.14554172283204
198.5,51.5097181104828,-0.160946434425419,-1.22839486602849,0.0628176178699181,3.09049919218124
199,51.5097107964343,-0.160945833480064,-1.26834664742602,-0.0647825745333316,3.19262470211837
199.5,51.5097032445077,-0.160946453249706,-1.33781066020147,0.0765678617390878,3.0844213186806
200,51.509695278981,-0.160945720761088,-1.2499955080197,0.00335110885838812,3.13891176329175
200.5,51.5096878363194,-0.160945688715192,-1.26937615264569,0.039801797628111,3.11024752285445
201,51.5096802782623,-0.160945307956421,-1.26768732608365,0.0766083760882862,3.08123445567686
201.5,51.5096727302605,-0.160944575080033,-1.30982721558858,-0.0212759324932708,3.1578345375208
202,51.5096649313521,-0.160944778634612,-1.27998213887145,0.00676196495550997,3.13630984389616
202.5,51.5096573101456,-0.160944713958565,-1.34969762159731,0.0285714937405681,3.12042700387309
203,51.5096492738424,-0.160944440638036,-1.2998848500616,0.0173025021405871,3.12828264356988
203.5,51.5096415341321,-0.160944275124126,-1.23992920523317,0.0132501324464168,3.13090685954667
204,51.5096341514068,-0.160944148377426,-1.30967103980359,-0.0293558767504044,3.16400359574821
204.5,51.5096263534283,-0.160944429230279,-1.26934912977147,0.0406544800534307,3.10957578227727
205,51.5096187955321,-0.160944040314877,-1.2699939717298,0.00391302567882669,3.13851152613301
205.5,51.5096112337966,-0.16094400289384,-1.26906184491441,0.0488060834573275,3.10315320101337
206,51.5096036776109,-0.160943535994758,-1.31975209236761,0.0255815302769393,3.12221149307752
206.5,51.509595819608,-0.160943291278487,-1.24995995123113,-0.010006014105147,3.14959755036376
207,51.5095883771582,-0.160943387016494,-1.32860519780254,-0.0608952245423419,3.18739454899806
207.5,51.5095804664431,-0.160943969596465,-1.30935660751935,0.041052093069907,3.11025004660055
208,51.5095726703364,-0.160943576878126,-1.22981425243597,-0.0213753246843739,3.15897184118529
208.5,51.5095653478372,-0.160943781382418,-1.27999759626584,0.00248063573774953,3.13965465570654
209,51.5095577265387,-0.160943757664795,-1.21950684852744,-0.0346849591993712,3.17002677935674
209.5,51.5095504654114,-0.160944089497902,-1.36913616383749,-0.0486432407675879,3.17710613325415
210,51.5095423133688,-0.160944554866906,-1.27996038934404,-0.0100698416198341,3.14945979850722
210.5,51.5095346922919,-0.160944651215532,-1.32903218066248,0.0507293087232028,3.10344106165756
211,51.5095267790337,-0.160944165918899,-1.25832378035233,-0.0649712536420419,3.19318001876247
211.5,51.5095192867848,-0.160944787491239,-1.28799396158725,0.0719135238656644,3.08581682111864
212,51.5095116178743,-0.160944099531859,-1.33998336957538,0.00667602137636336,3.13661052747436
212.5,51.5095036394114,-0.160944035678983,-1.23903480083385,0.048915869844211,3.10213413293372
213,51.5094962620112,-0.160943567730383,-1.3089410541863,0.0526622888380951,3.10138159757481
213.5,51.5094884683786,-0.160943063941951,-1.28887920508226,-0.0537623911904233,3.18328099993731
214,51.509480794198,-0.160943578282837,-1.30896498146601,0.0520641651780636,3.10183854571694
214.5,51.509473000423,-0.160943080216622,-1.31999576245997,0.00334471040952896,3.13905877935596
215,51.5094651409694,-0.160943048233289,-1.28988684776696,-0.0170856652729087,3.15483774261793
215.5,51.5094574607889,-0.160943211700119,-1.34773441133623,0.0781790029367757,3.08364986395259
216,51.5094494361746,-0.160942463802889,-1.31999847998891,-0.00200320417476294,3.14311023309258
216.5,51.5094415767049,-0.160942482981347,-1.27993300744361,-0.0130956655564517,3.15182382079911
217,51.509433955791,-0.160942608277124,-1.23754350313568,0.0780133183928923,3.07863710904391
217.5,51.50942658727,-0.160941861964214,-1.26646594245395,0.0946784907158703,3.06697343319062
218,51.5094190465404,-0.160940956221947,-1.23903546655322,0.0488990043174828,3.10214774475656
218.5,51.5094116691362,-0.160940488436061,-1.31976439727124,-0.0249386386012518,3.16048668574693
219,51.5094038110604,-0.160940727030112,-1.28873284226887,0.0571634608610489,3.09726537816031
219.5,51.5093961377505,-0.160940180181831,-1.27998565418364,-0.00606012244743333,3.14632714193939
220,51.5093885165231,-0.160940238171313,-1.21999933693835,-0.00127195517942582,3.14263523999132
220.5,51.5093812524633,-0.160940250353404,-1.32999583973817,-0.00332660174387103,3.14409386051643
221,51.5093733334677,-0.160940282192801,-1.27965167347645,0.0298595808564275,3.11826273975008
221.5,51.5093657142287,-0.160939996551298,-1.26949415116292,-0.0358413192158798,3.16981791231449
222,51.5093581554695,-0.160940339446649,-1.29582579298148,0.104093776201591,3.06143470585856
222.5,51.5093504399268,-0.160939343633695,-1.29987014779341,0.0183738639248562,3.12745844150122
223,51.509342700304,-0.160939167872408,-1.27976671899294,0.0244365496347762,3.12250043931651
223.5,51.50933508038,-0.160938934111447,-1.28872692776139,0.0572966461731232,3.09716203197931
224,51.5093274071054,-0.160938385990158,-1.31962574932937,0.0314305855320585,3.11777935336044
224.5,51.5093195498546,-0.160938085320498,-1.18984033437406,0.0194930422619392,3.12521121315221
225,51.5093124653659,-0.160937898851504,-1.32795355772099,0.0737519392027259,3.08611160897464
225.5,51.5093045585298,-0.160937193309435,-1.27929033005369,-0.0426175014649816,3.17489373120504
226,51.5092969414428,-0.160937601030116,-1.28991775247735,0.0145668062312123,3.1303003157437
226.5,51.5092892610781,-0.160937461689911,-1.279244504516,-0.0439715551876845,3.1759521913659
227,51.5092816442639,-0.160937882364132,-1.28993864191004,-0.0125817370537231,3.15134609276692
227.5,51.509273963775,-0.160938002743794,-1.1899954205911,0.00330135914503593,3.13881839864874
228,51.509266878363,-0.160937971174698,-1.06987398858256,0.0164209790950742,3.12624534167798
228.5,51.509260508172,-0.160937814093808,-0.749955197999445,-0.00819762121676042,3.15252303285872
229,51.5092560428258,-0.160937892526013,-0.459958324406148,-0.00619191484834493,3.15505374456616
229.5,51.5092533041647,-0.160937951767023,-0.304844763055485,0.0973122316959457,2.83259834982209
230,51.5092514890724,-0.160937020821618,-0.213478940556683,0.13010281295497,2.59426016651966
230.5,51.5092502179857,-0.160935776180258,-0.193958995804988,0.201940357398715,2.33603714336191
231,51.5092490631231,-0.160933844296436,-0.152087546063667,0.258591141248752,2.10244888234545
231.5,51.5092481575689,-0.160931370455835,-0.0822216408566371,0.27809998521187,1.85826209722892
232,51.5092476680067,-0.160928709980803,0.00952131967990038,0.269832067166883,1.53552486689177
232.5,51.5092477246959,-0.16092612860063,0.071595594547838,0.281023256762393,1.32133565602262
233,51.5092481509846,-0.160923440157789,0.167890719012118,0.260600664752786,0.99847732653892
233.5,51.509249150629,-0.160920947088691,0.224114263279151,0.214179357069825,0.762734805452183
234,51.5092504850372,-0.16091889811359,0.22053294642592,0.137714267745584,0.558211767810947
234.5,51.5092517981224,-0.160917580650712,0.231222211451164,0.0643139870606153,0.271290484956251
235,51.5092531748537,-0.160916965380064,0.319434808176631,-0.0190106108570745,-0.0594431597048678
235.5,51.5092550768168,-0.160917147242756,0.409992855746684,0.00242037944937117,0.00590339879962518
236,51.509257517976,-0.160917124082051,0.499617399190264,0.0195564420679387,0.0391228636045607
236.5,51.5092604927731,-0.160916936985867,0.68999923418852,-0.00102801714747335,-0.00148988047506652
237,51.5092646011325,-0.160916946810641,1.01984025680412,-0.0180513324081898,-0.0176983086400237
237.5,51.5092706734152,-0.160917119486317,1.18869689875789,-0.0556747957641656,-0.0468026275372762
238,51.5092777510961,-0.160917652089132,1.2794818207527,-0.0364179950486939,-0.0284553985784069
238.5,51.5092853693239,-0.160918000468238,1.28979012263172,-0.0232688538966348,-0.0180388495290015
239,51.5092930489288,-0.160918223054392,1.24997485571624,0.00792843472364491,0.00634279030828478
239.5,51.5093004914673,-0.160918147188324,1.28809611895485,-0.0700598910465719,-0.0543367271283785
240,51.5093081609863,-0.160918817407127,1.25651761054349,-0.0936135374509645,-0.0743649809326873
240.5,51.5093156424822,-0.160919712955649,1.25610933948963,-0.0989410291382178,-0.0786055497156866
241,51.5093231215473,-0.160920659470627,1.30976390117254,-0.0248701263626608,-0.0189859699000191
241.5,51.5093309200791,-0.160920897375927,1.27901481520621,0.0502105813849571,0.0392370838325711
242,51.5093385355255,-0.160920417011921,1.2399986918674,-0.00180115716305174,-0.00145254661002121
242.5,51.5093459186646,-0.160920434225754,1.28911142168553,-0.0478721472248897,-0.0371187147479386
243,51.5093535942285,-0.160920892183456,1.25973714627953,-0.0257356228506199,-0.0204265179398869
243.5,51.5093610948935,-0.160921138369537,1.23997329308501,-0.00813833127268886,-0.00656321750043282
244,51.5093684778814,-0.160921216208975,1.18990476452528,-0.015054944704289,-0.0126515515394432
244.5,51.5093755627537,-0.160921360217903,1.35888277355973,-0.0551144964834026,-0.0405364657701745
245,51.5093836537469,-0.160921887460093,1.19922466191442,-0.0431301548369149,-0.0359495385438707
245.5,51.5093907941116,-0.160922300054674,1.28951023693713,0.0355436187571278,0.0275566803248509
246,51.5093984720495,-0.160921960003807,1.27758527119585,-0.0785867343984654,-0.0614345233265865
246.5,51.5094060789853,-0.160922711798165,1.24895474729776,-0.051108112882254,-0.0408978905762606
247,51.5094135154504,-0.160923200714753,1.28996450658123,-0.00956931348915591,-0.0074181405072657
247.5,51.5094211960935,-0.160923292243652,1.34773281933578,-0.0782064427347063,-0.0579631495938104
248,51.5094292206984,-0.160924040399549,1.30982401399071,-0.0214721301518854,-0.0163916730754765
248.5,51.509437019588,-0.160924245798516,1.28787200175588,-0.0740655594274507,-0.0574467540887394
249,51.5094446877726,-0.160924954341219,1.28756715372541,-0.0791885386116427,-0.0614250833119014
249.5,51.509452354142,-0.160925711893964,1.28952484295247,-0.0350097044889451,-0.0271426384494855
250,51.5094600321675,-0.160926046802982,1.27954356097849,-0.0341800462038514,-0.0267063356028792
250.5,51.5094676507629,-0.160926373775182,1.25787827384366,-0.0730906847148653,-0.0580410622260837
251,51.5094751403602,-0.160927072992809,1.31958803724928,-0.0329759298365913,-0.0249843642301398
251.5,51.5094829973864,-0.16092738844539,1.3086610119538,-0.059214489713756,-0.0452173075578254
252,51.5094907893517,-0.160927954913815,1.36614009031561,-0.102767960145501,-0.0750836377054908
252.5,51.5094989235564,-0.160928938043368,1.28703085550164,-0.0874732929911425,-0.0678608264876619
253,51.5095065867327,-0.160929774855214,1.28956162097695,-0.0336277519812131,-0.0260709780807461
253.5,51.5095142649771,-0.160930096544627,1.32990278414171,-0.0160805700183972,-0.0120909487450826
254,51.5095221834187,-0.160930250365461,1.31879528421112,-0.0563826067373715,-0.0427270952906568
254.5,51.509530035725,-0.160930789743028,1.29984042348982,0.0203684427931514,0.0156686740390355
255,51.5095377751705,-0.160930594868444,1.28810424196839,0.0699103842289076,0.0542206594344489
255.5,51.5095454447366,-0.160929926042063,1.31915002599256,0.0473625265778301,0.0358884053674005
256,51.5095532991542,-0.160929472923228,1.33995745651708,-0.0106777677569524,-0.00796856773189054
256.5,51.5095612774629,-0.160929575057062,1.28881989024334,-0.0551660268023234,-0.0427774071116061
257,51.5095689512911,-0.160930102796716,1.26864090029595,-0.0587389657406442,-0.0462676598614616
257.5,51.5095765049706,-0.160930664717986,1.26973887823653,0.0257523027055659,0.0202787935495057
258,51.5095840651869,-0.160930418337854,1.27993059522184,0.0133293441346399,0.0104137383254507
258.5,51.5095916860864,-0.160930290804095,1.26755700943678,-0.0787351752883061,-0.0620359838930187
259,51.5095992333124,-0.160931044023245,1.28971324771157,0.0271981373859109,0.0210853898013221
259.5,51.5096069124591,-0.160930783810947,1.2880751704524,0.070443986713055,0.0546349182193331
260,51.5096145818522,-0.160930109878772,1.27914233029201,-0.0468497476528799,-0.0366095425148698
260.5,51.5096221980587,-0.160930558059943,1.33921585705028,0.0458354472550774,0.0342122313661657
261,51.5096301719513,-0.160930119549307,1.23994913611387,0.0112311998679432,0.00905754309326071
261.5,51.5096375547951,-0.160930012088188,1.29608842266167,0.100771030769705,0.0775940174965131
262,51.5096452719,-0.160929048025579,1.25970700727388,0.0271708635321602,0.0215658490294543
262.5,51.5096527723851,-0.160928788073985,1.30849742926737,-0.062725414312489,-0.0479003109536584
263,51.5096605633764,-0.160929388132738,1.26941431685667,0.0385654269949934,0.0303711468243197
263.5,51.5096681216602,-0.160929019172559,1.31859831976521,-0.0608150566255368,-0.0460883271586455
264,51.5096759727937,-0.160929600955593,1.27887141863516,0.0537391346981296,0.0419960424041082
264.5,51.5096835873863,-0.160929086832765,1.31998554057055,-0.00617840470302008,-0.00468062671421753
265,51.5096914467791,-0.160929145922974,1.28986515398715,-0.0186516629204525,-0.0144591572440953
265.5,51.5096991268307,-0.160929324341655,1.30987202295978,0.018310747315832,0.013978124895216
266,51.5097069260059,-0.160929149151354,1.2094245700619,-0.0373123214311002,-0.0308415184542911
266.5,51.5097141271023,-0.160929506092317,1.25981678309543,0.0214865779286463,0.0170536662264992
267,51.509721628241,-0.160929300520354,0.978650912078049,-0.0514042049719974,-0.0524773530539579
267.5,51.5097274552764,-0.160929792277449,0.809368903664258,0.0319683872179645,0.0394773979380264
268,51.5097322743805,-0.160929486434653,0.459340153743681,0.0246297210445296,0.0535684880298939
268.5,51.5097350093608,-0.160929250803203,0.367147394072652,0.0979938315694462,0.260825794972147
269,51.5097371954109,-0.160928313319008,0.247679343690882,0.130594573810913,0.485227026603983
269.5,51.50973867013,-0.160927063954093,0.215285416785846,0.208931063557683,0.77042024919243
270,51.5097399519701,-0.160925065166229,0.0900582518783405,0.155850926428486,1.04682382489447
270.5,51.5097404881892,-0.160923574182781,0.069694768900003,0.208668730738401,1.2484484239175
271,51.5097409031605,-0.1609215779064,0.0114942129661429,0.239724598379659,1.52288544534699
271.5,51.5097409715968,-0.160919284527986,-0.0787910211573014,0.299819904250851,1.82778015048087
272,51.5097405024605,-0.160916416235862,-0.163771407071224,0.309320103171313,2.05773016620645
272.5,51.5097395273381,-0.160913457059304,-0.14722289348458,0.163479110696223,2.30392122634946
273,51.5097386507493,-0.16091189310258,-0.21800747159263,0.122363157567091,2.63013070737752
273.5,51.5097373526988,-0.160910722491796,-0.219758903459472,0.0678676973993565,2.84205660494327
274,51.5097360442205,-0.16091007322389,-0.20997179008152,0.00344200086610524,3.1252014393084
274.5,51.5097347940168,-0.160910040298428,-0.369996597515116,0.00158676628319858,3.13730408292186
275,51.5097325910014,-0.16091002512391,-0.439898032138307,0.0094721339119037,3.12006341339266
275.5,51.5097299717821,-0.160909934513367,-0.80968656469094,0.0225314659750395,3.11377244042634
276,51.5097251507861,-0.160909718973533,-0.999533668544213,-0.0305359697168435,3.17213337081995
276.5,51.5097191994124,-0.160910011117733,-1.18961989317706,0.0300750687016125,3.11631679537254
277,51.509712116236,-0.16090972341624,-1.21901049846686,0.0491264147641873,3.10131421041239
277.5,51.5097048580634,-0.160909253456525,-1.36982735064089,0.0217492398984175,3.12571662908767
278,51.5096967019048,-0.160909045408808,-1.28997398988751,0.00819178940743528,3.135242386563
278.5,51.5096890212053,-0.160908967060131,-1.38920756434529,0.0469291291824486,3.10782427281439
279,51.5096807496537,-0.160908518124188,-1.29546857817358,0.108448895637178,3.0580733622895
279.5,51.5096730362376,-0.160907480645418,-1.31614334154851,0.100830077345609,3.06513175129194
280,51.5096651997209,-0.160906516054308,-1.28980780620198,0.0222670846863109,3.12433049034106
280.5,51.5096575200107,-0.160906303051938,-1.26932002979328,-0.041553122212297,3.17431748806321
281,51.5096499622885,-0.160906700598187,-1.27957079890746,0.0331446916313221,3.1156954686308
281.5,51.5096423435309,-0.160906383532896,-1.32936680842235,-0.0410352125006668,3.17245109404764
282,51.509634428281,-0.160906776125252,-1.26717395893614,-0.0846767842688169,3.20831678638084
282.5,51.5096268833372,-0.160907586222181,-1.29997219431486,0.0085025883240924,3.13505215440118
283,51.5096191431069,-0.160907504900707,-1.32996946689134,0.00901205508038971,3.13481662047329
283.5,51.5096112242682,-0.160907418705815,-1.27876695055736,0.0561701536604841,3.09769562451021
284,51.5096036102966,-0.160906881363163,-1.23856120233771,0.0597172342274016,3.09341495842825
284.5,51.5095962357161,-0.160906310086238,-1.2659201774951,0.101715801185378,3.06141559799391
285,51.5095886982356,-0.160905337022716,-1.30832729797982,0.0661791610766854,3.09105269717357
285.5,51.5095809082571,-0.160904703928106,-1.35512026615235,0.115104579679467,3.05685556229457
286,51.5095728396658,-0.160903602780377,-1.2670248917273,0.0868787876493932,3.07313069124696
286.5,51.5095652956079,-0.160902771658837,-1.32968504926938,0.0289425249328553,3.11982963875666
287,51.5095573784625,-0.160902494796397,-1.35475878488889,0.119283841178861,3.05377110124871
287.5,51.5095493120234,-0.160901353667963,-1.27817974158135,0.0682389054061925,3.08825572327144
288,51.509541701548,-0.160900700869174,-1.2697482211073,0.0252874473772498,3.12167996178047
288.5,51.5095341412755,-0.160900458973196,-1.32137948228996,0.151182881911669,3.02767508488046
289,51.5095262735815,-0.160899012677379,-1.25665562339264,0.0917422704954064,3.06871683908979
289.5,51.5095187912636,-0.160898135029919,-1.30102261499569,0.153101780753137,3.02445335892491
290,51.5095110447774,-0.160896670377168,-1.27976727238656,-0.0244075506403009,3.16066220827382
290.5,51.5095034248505,-0.160896903897876,-1.29937047951781,0.0404519091967809,3.11047077664572
291,51.5094956882025,-0.160896516929846,-1.31940665070866,0.0395738558363501,3.11160796686381
291.5,51.5094878322561,-0.160896138362333,-1.28999392349057,-0.00395946428298445,3.14466201056652
292,51.509480151438,-0.160896176263175,-1.2691664931696,0.0460044847332022,3.1053607231219
292.5,51.5094725946291,-0.160895736175325,-1.38875039642943,0.0589265340665234,3.0991867552833
293,51.5094643257994,-0.160895172468785,-1.30932012612632,0.0421996128009548,3.10937363475265
293.5,51.5094565299097,-0.160894768781865,-1.18995133889975,0.0107615542875741,3.13254920739148
294,51.50944944476,-0.16089466585022,-1.31994755979074,0.0117660274715623,3.13267887837359
294.5,51.5094415855933,-0.160894553311397,-1.31983133617076,-0.0211008071342376,3.1575787944255
295,51.5094337271189,-0.160894755198314,-1.25952893537621,-0.0344508483215183,3.1689380045721
295.5,51.5094262276943,-0.160895084799357,-1.29655547522067,-0.0945721929284821,3.21440481420707
296,51.5094185078087,-0.160895989560962,-1.25972841957747,0.0261592987071022,3.12082981364715
296.5,51.5094110071956,-0.160895739325551,-1.25705235716196,-0.0861357727866866,3.21000773640933
297,51.5094035225174,-0.160896563377796,-1.2691712631175,0.0458727029586839,3.10546455624976
297.5,51.5093959656801,-0.160896124551331,-1.3099552915971,-0.0108228469798447,3.14985446282966
298,51.509388166009,-0.160896228111996,-1.22999400673843,0.00383971190949041,3.13847093151994
298.5,51.5093808424394,-0.160896191399769,-1.26989179942509,-0.0165776280841932,3.154646274763
299,51.5093732813125,-0.160896350013644,-1.30880370429484,0.0559719896385932,3.09885293313859
299.5,51.5093654884975,-0.160895814571925,-1.24885126712555,0.0535771649017099,3.09871778705862
300,51.5093580526483,-0.160895302039788,-1.2599306789085,0.0132168205393599,3.13110292110819
300.5,51.5093505508311,-0.160895175620838,-1.2679981323813,-0.0712792836490585,3.19774758206687
301,51.50934300098,-0.160895857545629,-1.30871349355368,-0.0580430167249556,3.185914809989
301.5,51.5093352087033,-0.160896412844345,-1.2697327219483,-0.0260540748015883,3.16210911240366
302,51.5093276485237,-0.160896662115718,-1.25924097667105,0.0437282822956686,3.10688069720621
302.5,51.5093201508128,-0.160896243804683,-1.29988476373758,-0.017308986188828,3.15490765178112
303,51.5093124111033,-0.160896409415481,-1.2499706425629,-0.00856695575436891,3.14844627184795
303.5,51.5093049685899,-0.160896491393613,-1.25968867268931,0.0280079970407819,3.11936225354561
304,51.5092974682134,-0.160896223472935,-1.28999834928475,0.00206369634580349,3.13999288829828
304.5,51.5092897873689,-0.16089620375228,-1.25970826655477,0.0271124173319677,3.12007320119911
305,51.5092822868759,-0.160895944399413,-1.18983324331666,-0.0199211721181852,3.15833391636237
305.5,51.5092752024297,-0.160896134998048,-1.18997137639219,0.00825368810146435,3.13465672562453
306,51.5092681171608,-0.160896056058406,-1.02999712301472,0.00243445710512555,3.13922910080168
306.5,51.5092619844027,-0.160896032786433,-0.739953287679969,0.00831456863611317,3.13035651360028
307,51.5092575786093,-0.160895953256735,-0.489980279757905,0.00439607192442381,3.13262095787703
307.5,51.5092546611928,-0.160895911209549,-0.306418927255823,0.0922357903386236,2.84920762904109
308,51.5092528367274,-0.160895028830194,-0.220486408878256,0.137788764055603,2.58304304886346
308.5,51.5092515239166,-0.160893710661533,-0.198845388138601,0.197130696787712,2.36052475330331
309,51.5092503399591,-0.160891824790992,-0.133870558503796,0.222887131898371,2.11167187930077
309.5,51.5092495428712,-0.160889692517429,-0.0656692132561611,0.272190290845057,1.80753436955491
310,51.5092491518637,-0.160887088578247,0.0132894815684712,0.279684446617328,1.52331605489991
310.5,51.5092492309881,-0.160884412943923,0.0694169713409017,0.250561936634151,1.30052974465996
311,51.5092496443043,-0.160882015912441,0.149647257119904,0.271487934237397,1.06702349788678
311.5,51.5092505353234,-0.160879418688359,0.141371027193486,0.1414716673764,0.785753980183948
312,51.5092513770661,-0.16087806528027,0.200015711947831,0.113550495260929,0.516336788006197
312.5,51.5092525679884,-0.160876978982173,0.244644380799716,0.0514696701283718,0.207361538685863
313,51.5092540246373,-0.160876486586702,0.259985356201528,-0.00275944935898909,-0.0106134660243698
313.5,51.5092555726293,-0.160876512980206,0.289591846830917,-0.0153805802575396,-0.0530613792821444
314,51.5092572969029,-0.160876660114684,0.519310454460985,-0.0267703546395125,-0.0515042189509909
314.5,51.5092603889559,-0.160876916206319,0.748849804239444,0.0415207260358726,0.0553892858423505
315,51.50926484772,-0.16087651897865,1.08972165451762,-0.0246315991237073,-0.0225997211035143
315.5,51.5092713360872,-0.160876754598494,1.17994533966613,0.0113576141943831,0.00962524539658225
316,51.5092783616593,-0.160876645921391,1.1598705226894,0.0173312029649258,0.014941248121206
316.5,51.5092852677029,-0.160876480097564,1.3071521322461,-0.0863325151056964,-0.0659504811196328
317,51.5092930506847,-0.160877305982874,1.28997726131618,-0.00765932681143152,-0.00593749753109361
317.5,51.5093007314037,-0.160877379231661,1.24946146885929,0.0366883882990445,0.0293549263715232
318,51.509308170885,-0.160877028223092,1.27459796249248,0.117473546000871,0.0919055351505405
318.5,51.5093157600319,-0.160875904372095,1.31998316643435,0.00666635807156934,0.00505029273465014
319,51.5093236194104,-0.160875840571523,1.32999962542893,-0.000998177798157329,-0.00075050969313063
319.5,51.5093315384286,-0.160875850094545,1.30988677013781,-0.0172235135188472,-0.0131480990642661
320,51.5093393376919,-0.160876014839852,1.2996725494281,-0.0291764333504816,-0.0224452948460269
320.5,51.5093470761384,-0.160876293934672,1.26997573537617,0.00785057677885259,0.0061815958873616
321,51.5093546377652,-0.160876218806111,1.28613300624425,-0.0998092693547286,-0.0774489308763329
321.5,51.509362295596,-0.160877173620317,1.24987693741247,0.0175397070791836,0.0140322261575852
322,51.5093697375514,-0.160877005799822,1.2999978992056,-0.00233710526512757,-0.00179777424926595
322.5,51.5093774779347,-0.160877028132685,1.28890162806791,-0.0532221116068074,-0.0412691644149407
323,51.5093851522499,-0.16087753726461,1.28992186168884,-0.014198265288199,-0.011006629433464
323.5,51.5093928326391,-0.160877673069304,1.30993307881006,-0.0132411872274309,-0.0101079486311823
324,51.5094006321781,-0.160877799717626,1.28742631719239,-0.0814461650443602,-0.0631785835671394
324.5,51.5094082977093,-0.16087857885963,1.24831593294359,-0.0648639465279231,-0.0519144733047991
325,51.5094157303713,-0.160879199366329,1.27924185207356,-0.0440486538206852,-0.0344198067181549
325.5,51.5094233471705,-0.160879620739937,1.27998918649093,-0.00526141295495434,-0.00411049044627963
326,51.509430968419,-0.160879671049499,1.239849403871,0.0193250024770216,0.0155853103595371
326.5,51.5094383506689,-0.160879486150043,1.27999497785541,0.00358561918417775,0.00280126865127946
327,51.5094459719517,-0.160879451823062,1.30887127846279,-0.0543688919804708,-0.0415148950101032
327.5,51.5094537651691,-0.160879971926637,1.22989202486558,0.0162974590670271,0.0132503544493922
328,51.5094610881313,-0.160879815990811,1.22997117628492,-0.00842054085563939,-0.0068460216517626
328.5,51.5094684115651,-0.160879896523719,1.28999987327001,0.000571807109804597,0.000443261339945297
329,51.5094760924187,-0.160879891028724,1.26999065242286,0.00487265416050153,0.00383674497264877
329.5,51.5094836541343,-0.16087984438934,1.38972247383182,-0.027774911823083,-0.0199832809176145
330,51.5094919287516,-0.16088011007608,1.3093672048065,-0.0407126881600089,-0.0310833930115053
330.5,51.5094997249216,-0.160880499535888,1.34997172428601,-0.00873748409250063,-0.00647225562602627
331,51.5095077628567,-0.160880583098778,1.34987600774285,-0.0182965494072572,-0.0135534145063009
331.5,51.509515800222,-0.160880758110155,1.24983610296739,0.0202414357019506,0.0161938563344139
332,51.5095232419342,-0.160880564443121,1.25971714331302,-0.0266967946258759,-0.0211895178741156
332.5,51.5095307424802,-0.1608808198187,1.27995675028189,-0.0105222339747937,-0.00822058788106528
333,51.5095383635356,-0.160880920457163,1.31902532080787,-0.0507168913449631,-0.0384313469983297
333.5,51.5095462172117,-0.16088140562433,1.29999963096447,-0.00097953675517407,-0.000753489882970963
334,51.5095539576053,-0.160881414970602,1.3188526831373,-0.0550236329366989,-0.0416966517309041
334.5,51.5095618102535,-0.160881941339256,1.2285011139364,-0.060704308389243,-0.0493731533639956
335,51.5095691249349,-0.160882522055021,1.3188634416312,-0.0547651561552087,-0.041500666440269
335.5,51.5095769776472,-0.160883045951274,1.29999428223649,-0.00385566497895446,-0.00296590048594511
336,51.509584718009,-0.160883082812852,1.30980159781133,-0.0227985607195778,-0.0174043601162186
336.5,51.5095925167653,-0.16088330089506,1.27860093974748,-0.0598300666627447,-0.0467592770318604
337,51.5096001297486,-0.160883873246901,1.26841743550066,-0.0633814587865934,-0.0499274005924997
337.5,51.5096076820978,-0.160884479574199,1.32968961012447,-0.0287322245403407,-0.021604857056204
338,51.5096155992704,-0.160884754421934,1.29817950174051,-0.0687748592202967,-0.0529284468730778
338.5,51.5096233288275,-0.160885412346057,1.2785325512611,-0.0612741002853497,-0.0478886928204253
339,51.5096309414036,-0.160885998513272,1.33746126403101,0.0824461473725419,0.0615658610283177
339.5,51.5096389048485,-0.160885209751231,1.25992389636161,-0.0138482987037927,-0.0109909345409667
340,51.5096464066253,-0.160885342210503,1.29469024724954,-0.117376163154774,-0.0904124841662016
340.5,51.5096541154074,-0.160886465089444,1.3195940745315,-0.0327334456076545,-0.0248006071281406
341,51.5096619724697,-0.160886778216487,1.25976136358939,-0.0245215580131394,-0.019462782705468
341.5,51.5096694732789,-0.160887012784017,1.2573593327816,-0.0815322529248231,-0.0647533795777197
342,51.5096769597867,-0.160887792756291,1.20865042336161,-0.0571327761254615,-0.0472347327849996
342.5,51.509684156274,-0.160888339307013,1.27996671207068,0.00923125078069205,0.00721197719121859
343,51.5096917773886,-0.160888250971207,1.26801414528094,-0.0709938544343352,-0.0559298276634603
343.5,51.5096993273366,-0.160888930126053,1.23984135557504,-0.0198346415607232,-0.0159963608702385
344,51.509706709539,-0.1608891198561,1.28461838578736,-0.117709824981082,-0.0913750276461727
344.5,51.5097143583517,-0.160890245929394,1.19856326732084,-0.058703443077907,-0.0489390686685531
345,51.5097214947786,-0.160890807507257,1.04707957756937,-0.0782582790326837,-0.0746008709775532
345.5,51.509727729249,-0.160891556163567,0.81989724408284,-0.0129811072472058,-0.0158312798832895
346,51.5097326110408,-0.160891680335716,0.519218659996316,-0.0284953173632002,-0.0548261501581082
346.5,51.5097357025473,-0.160891952933278,0.337703549220698,0.09195821248667,0.265858548212465
347,51.5097377132841,-0.160891073188878,0.181571810730684,0.105506765413316,0.526387511373533
347.5,51.5097387943888,-0.160890063831967,0.255428080204117,0.208941369391606,0.685623404445666
348,51.5097403152437,-0.160888064943737,0.156875352606032,0.219750139350884,0.950815169863222
348.5,51.5097412493007,-0.160885962652699,0.0642076814833161,0.231251753806403,1.29996556750285
349,51.5097416316003,-0.160883750330569,-0.00132325145249944,0.279996873206815,1.57552224243117
349.5,51.5097416237181,-0.160881071678697,-0.0686838944328817,0.27144524797007,1.81862507301339
350,51.5097412147607,-0.16087847483914,-0.113149614745757,0.222928608937675,2.0404735216786
350.5,51.5097405410481,-0.16087634214563,-0.158412287965867,0.18029294778615,2.29168324117915
351,51.5097395978353,-0.160874617336531,-0.175980567514105,0.0950307311211148,2.64645400218128
351.5,51.5097385500193,-0.160873708207617,-0.250024921902894,0.0713269824642234,2.86369502073132
352,51.5097370613323,-0.160873025847354,-0.259999955026111,0.000152926191374122,3.14100447589675
352.5,51.5097355132534,-0.160873024389565,-0.359748225141255,-0.0134615938029983,3.17899468946056
353,51.5097333712585,-0.160873153180064,-0.559998673986381,-0.00121866053327795,3.14376883483115
353.5,51.509730036942,-0.160873164849866,-0.839985462279456,-0.00494197927642436,3.14747599619287
354,51.5097250355421,-0.160873212145213,-0.958626261481138,-0.0513389793304955,3.19509628032542
354.5,51.5097193277376,-0.16087370330985,-1.23936769808724,0.0395943043623869,3.10965633445824
355,51.5097119483551,-0.160873324547186,-1.25994627654376,0.0116353007484662,3.13235815667024
355.5,51.509704446445,-0.160873213260819,-1.29964904742548,-0.0302051903823617,3.16482950649421
356,51.5096967081392,-0.160873502251185,-1.31999071942373,-0.00494981163594034,3.14534251967786
356.5,51.5096888487157,-0.160873549630982,-1.2191558681444,0.0453758654911526,3.10439074068214
357,51.5096815896774,-0.160873115557683,-1.29919802591039,0.0456562095508119,3.10646526870166
357.5,51.5096738540561,-0.160872678804162,-1.2496987399245,-0.0274419283420044,3.16354796009368
358,51.5096664131619,-0.160872941358109,-1.2992901821918,0.0429537246347595,3.10854531196162
358.5,51.5096586769919,-0.160872530458637,-1.28992036708018,0.0143334082386395,3.13048125577258
359,51.5096509966115,-0.160872393361144,-1.22982400423163,-0.0208066964143795,3.15850947379584
359.5,51.5096436740544,-0.160872592437333,-1.32966155224346,-0.0300026079784407,3.16415291913769
360,51.5096357570496,-0.160872879489976,-1.32993113556999,0.013534202655085,3.13141638573251
360.5,51.5096278384391,-0.160872750039055,-1.29709007673835,-0.0869329214216183,3.20851407141817
361,51.5096201153705,-0.160873581725876,-1.28990530560526,0.0156301814254099,3.12947593739678
361.5,51.5096124350798,-0.160873432222491,-1.30990009538345,0.0161783841724375,3.12924242805083
362,51.5096046357371,-0.160873277475069,-1.24991558488013,-0.014526894842459,3.15321443107927
362.5,51.5095971935516,-0.160873416474397,-1.32990789084335,-0.0156525356603915,3.15336174908544
363,51.5095892750799,-0.160873566243933,-1.30947791799276,0.0369808367852608,3.11335925641521
363.5,51.5095814782506,-0.160873212486004,-1.21987805896339,-0.0172488045878846,3.15573148907597
364,51.5095742149131,-0.160873377524325,-1.33896271022035,0.0527148995954814,3.10224302228043
364.5,51.5095662425268,-0.16087287324433,-1.26999577134738,0.00327730983754677,3.13901209179847
365,51.5095586807806,-0.160872841916839,-1.29999991905148,-0.000458765906290168,3.14194555044811
365.5,51.5095509403853,-0.160872846331805,-1.33999854241341,-0.00197644375705953,3.14306761215225
366,51.5095429618321,-0.160872865266709,-1.27999074873616,0.00486653365854979,3.13779066500936
366.5,51.5095353405743,-0.160872818735845,-1.29539961733315,0.109269535613238,3.05743987583886
367,51.5095276275685,-0.160871773415632,-1.26892213318253,0.0523127127904218,3.10038988404053
367.5,51.5095200722143,-0.160871272982603,-1.21987817607356,0.0172405202778241,3.12746060920016
368,51.5095128088756,-0.160871108072928,-1.29801136904792,0.0718782708637049,3.08627346557348
368.5,51.5095050803195,-0.160870420463506,-1.23582210645239,0.101704086464529,3.05948098952986
369,51.5094977220472,-0.160869447519322,-1.27972390818794,0.0265841834965707,3.12082226684347
369.5,51.509490102378,-0.160869193223526,-1.26981323003079,-0.0217798264173438,3.15874296394317
370,51.509482541719,-0.160869401609957,-1.27967295968912,-0.0289329611426888,3.16419845477788
370.5,51.5094749223538,-0.160869678428162,-1.33942825079261,-0.0391402731040455,3.17080596763866
371,51.5094669471967,-0.160870052897411,-1.29979998421688,-0.0228035310819211,3.15913473101905
371.5,51.5094592079921,-0.160870271077642,-1.26958914388995,-0.0323017912318971,3.16702987798879
372,51.5094516486675,-0.160870580123806,-1.25995064466108,-0.0111522651568218,3.1504437732516
372.5,51.5094441467317,-0.160870686839383,-1.34942066820264,0.0395456726778112,3.11229537177103
373,51.5094361120773,-0.160870308546983,-1.26984665485711,0.0197350740615324,3.12605259973269
373.5,51.5094285512187,-0.160870119774252,-1.32919642114054,0.0462263347798,3.10682900928041
374,51.5094206369824,-0.16086967757009,-1.26999915667454,0.00146357301373279,3.14044023363886
374.5,51.5094130752161,-0.160869663594618,-1.29845571072226,0.0633464071021022,3.09284534404693
375,51.5094053440144,-0.160869057608311,-1.29861718866593,0.0599449522595144,3.09546479527485
375.5,51.5093976118513,-0.160868484162736,-1.23726138129799,0.0823667065542785,3.07511894589623
376,51.5093902450096,-0.160867696215076,-1.26956330943758,0.0333017016066653,3.11536783542362
376.5,51.5093826858379,-0.160867377655848,-1.30757992669446,-0.0795910504120864,3.20238662184012
377,51.5093749003111,-0.160868139102257,-1.20911195356834,0.0463495818552466,3.10327784021125
377.5,51.5093677010758,-0.160867695717407,-1.30987066201638,-0.0184078458483408,3.15564490678243
378,51.5093599019088,-0.16086787184583,-1.31977669437773,-0.0242791469659034,3.15998698401945
378.5,51.5093520437598,-0.160868104143016,-1.28934925708921,0.0409694183936489,3.10982807311131
379,51.5093443667796,-0.160867712230132,-1.31940662549806,0.0395746963579849,3.11160732981864
379.5,51.5093365108333,-0.160867333660802,-1.23982428195392,-0.0208746228096008,3.15842782205744
380,51.509329128733,-0.160867533386465,-1.32999999894705,5.29230293572159e-05,3.14155286183839
380.5,51.5093212097127,-0.160867532907793,-1.31848169584865,-0.0632931095150103,3.1895603717001
381,51.5093133592749,-0.16086813843699,-1.31987615291484,-0.0180815089723462,3.15529119486557
381.5,51.5093055005337,-0.16086831144339,-1.26655673898732,0.093456015995807,3.06793866309883
382,51.5092979592628,-0.160867417410666,-1.2099932737943,0.00403452259357864,3.13825833121842
382.5,51.5092907547806,-0.160867378839047,-1.32990358629682,0.0160140923833551,3.12955169166764
383,51.5092828363341,-0.160867225665888,-1.26914100092632,0.0467024599753129,3.10481076987459
383.5,51.5092752796767,-0.160866778907479,-1.18860325749014,0.0576393640130988,3.09313725385498
384,51.5092682025532,-0.160866227518314,-1.08992307928043,0.0129491795829263,3.12971239285851
384.5,51.5092617129868,-0.160866103661257,-0.719554582890249,0.0253219715196123,3.10641599456622
385,51.5092574286501,-0.160865861430681,-0.499691574017724,0.0175593523710063,3.10646672605159
385.5,51.5092544534109,-0.160865693457544,-0.269893153537784,0.106102241604173,2.76702542399857
386,51.509252846425,-0.160864678423588,-0.251895553152584,0.180689319833669,2.51933790459226
386.5,51.5092513465986,-0.16086294984325,-0.177516468898478,0.176033812859393,2.36038808704156
387,51.5092502896364,-0.160861265798875,-0.110365532110434,0.213118392735073,2.04862978735773
387.5,51.5092496325006,-0.160859226979125,-0.0726801443957236,0.280744717867704,1.8241181948921
388,51.5092491997482,-0.160856541203425,0.0111368779344987,0.269770216943739,1.5295369254951
388.5,51.5092492660551,-0.160853960414737,0.0700404503680353,0.239988198277004,1.28683367024276
389,51.5092496830831,-0.160851664537872,0.130097963687373,0.213481895823508,1.02348655500535
389.5,51.5092504577029,-0.160849622235236,0.178556800293293,0.188990658681907,0.813778326892393
390,51.5092515208543,-0.160847814229703,0.199180069113673,0.115009999860327,0.523648979995936
390.5,51.5092527068007,-0.160846713968308,0.250335790950132,0.0702281408651236,0.273505442167393
391,51.5092541973367,-0.160846042116603,0.268743015699438,-0.0260229036191548,-0.0965309709549375
391.5,51.5092557974735,-0.160846291061464,0.289357800737835,-0.0192889385960774,-0.0665627225674009
392,51.5092575203537,-0.160846475584579,0.588713079074017,-0.0389475355727508,-0.0660608102407953
392.5,51.5092610256406,-0.160846848166998,0.749676730652815,-0.022018163359057,-0.0293617698267152
393,51.5092654893291,-0.160847058788819,0.939998930970444,-0.00141766513056451,-0.0015081549659418
393.5,51.5092710862244,-0.160847072329047,1.24876783553378,-0.0554877728537666,-0.0444048096496746
394,51.509278521577,-0.160847603130403,1.3387640900272,-0.0575387804323847,-0.0429525945527272
394.5,51.5092864927809,-0.160848153551056,1.18964214117361,-0.0291817741728295,-0.0245249577498741
395,51.5092935760898,-0.160848432694474,1.30940807993445,-0.039376137473953,-0.0300626482551335
395.5,51.5093013725034,-0.160848809360881,1.36439129791847,-0.1238401637772,-0.0905178388371965
396,51.5093094962965,-0.160849994062231,1.30049657700774,-0.157507628993479,-0.120526426339056
396.5,51.5093172396512,-0.160851500849706,1.27875547123897,-0.0564308849514915,-0.0441009227290668
397,51.5093248535548,-0.160852040674046,1.31822968710433,-0.068340998213448,-0.0517966411877144
397.5,51.5093327024939,-0.160852694437376,1.29991413184991,-0.014941546670172,-0.0114937505030655
398,51.5093404423786,-0.160852837348202,1.26871398106921,-0.0571387280179617,-0.0450063167814912
398.5,51.5093479964936,-0.160853383944946,1.26866599279705,-0.0581944904632099,-0.0458384841314313
399,51.5093555503229,-0.160853940641972,1.29583837127789,-0.103937074828288,-0.0800370205098215
399.5,51.5093632659412,-0.160854934941469,1.31979617148848,-0.023196243755238,-0.0175738165018812
400,51.5093711242067,-0.160855156822066,1.34972008917999,-0.0274896501243084,-0.0203641112560003
400.5,51.5093791606438,-0.160855419775563,1.2998860727721,-0.0172103984009449,-0.0132391547466275
401,51.5093869003616,-0.160855584392301,1.29927813744544,0.0433165275190348,0.0333265745266688
401.5,51.5093946364587,-0.16085516996932,1.28616643312105,-0.0993775946210575,-0.0771132975336414
402,51.5094022944888,-0.160856120651144,1.21965735958889,0.028912371066176,0.0237008836697033
402.5,51.509409556512,-0.160855844029428,1.3394165871818,-0.039537399791233,-0.0295098050427836
403,51.5094175316007,-0.160856222240135,1.25844864241401,-0.0625061149516037,-0.0496283975045643
403.5,51.5094250245944,-0.160856820186529,1.39999891059043,0.00174652386082922,0.00124751736703455
404,51.5094333603988,-0.160856803447098,1.30435922056871,-0.12143732423516,-0.0928335309549752
404.5,51.5094411267517,-0.160857965167484,1.31885318613318,-0.0550115753850687,-0.0416875092774027
405,51.509448979403,-0.160858491415442,1.29993388447583,-0.0131109111652227,-0.010085487257745
405.5,51.5094567194054,-0.160858616814548,1.25993868228974,-0.0124304814870742,-0.00986562153452598
406,51.5094642212702,-0.160858735705132,1.2893080359619,0.0422467561366892,0.0327552802833881
406.5,51.5094718980039,-0.160858331516346,1.3094072583589,-0.0394034485421989,-0.0300835058298128
407,51.5094796944125,-0.160858708447197,1.31555039605914,-0.108291991525899,-0.082131694515836
407.5,51.5094875273992,-0.16085974441182,1.2199740774965,0.00795300173364681,0.00651890005119925
408,51.5094947913086,-0.160859668301505,1.31923981697143,-0.0447917996643995,-0.0339396970620181
408.5,51.5095026462618,-0.16086009678114,1.2499966606008,0.00288937481931443,0.00231150191385928
409,51.5095100889301,-0.160860069112262,1.27908664839776,-0.0483461052267159,-0.0377793810364806
409.5,51.5095177048054,-0.160860531595862,1.25728400412494,-0.0826857482976777,-0.0656708021600959
410,51.5095251908649,-0.160861322596304,1.21936080323627,-0.0394871058826694,-0.0323721340257253
410.5,51.5095324511233,-0.160861700330369,1.28982824302428,0.0210500236793293,0.0163185720649751
411,51.5095401309547,-0.160861498923789,1.29776375120263,0.0762184102725009,0.0586631875257686
411.5,51.5095478580345,-0.160860769738666,1.24784674933948,-0.0733381903437337,-0.0587042641464162
412,51.509555287903,-0.160861471314763,1.28690058101469,-0.0893694275692837,-0.0693341635068554
412.5,51.5095629503042,-0.160862326256018,1.29966157834825,-0.0296611153757281,-0.0228182226773896
413,51.5095706886854,-0.160862609986684,1.32886064810587,0.0550397848436943,0.041395118002824
413.5,51.5095786009211,-0.160862083409861,1.28972788390888,-0.0264950083584797,-0.0205402104588697
414,51.5095862801556,-0.160862336851637,1.36987352026337,-0.0186155440762831,-0.013588406544406
414.5,51.5095944365891,-0.160862514911391,1.24864577343748,-0.0581698588334603,-0.0465526997219669
415,51.5096018712149,-0.160863071377726,1.27988380454449,0.0172466479274259,0.0134743514193109
415.5,51.5096094918357,-0.160862906357011,1.27998247051323,0.00669889385246495,0.0052335347131917
416,51.509617113044,-0.16086284224338,1.30971742510682,-0.0272078365838015,-0.0207708343898527
416.5,51.5096249112992,-0.160863102504483,1.27836755877974,-0.0646249538454418,-0.0505097194523464
417,51.5096325228931,-0.160863720724597,1.27992745104497,-0.0136279147901482,-0.010647009584058
417.5,51.5096401437741,-0.16086385107154,1.26776161809717,-0.0753689570024831,-0.0593805257023181
418,51.5096476922188,-0.160864572076877,1.33185285931943,-0.147539693379966,-0.110327935874877
418.5,51.5096556222733,-0.160865983517081,1.23974509878844,0.0251414007177447,0.020276712575987
419,51.509663003902,-0.160865742970735,1.26384368306611,-0.124896536276577,-0.0985029449809574
419.5,51.5096705290193,-0.16086693779261,1.26933157897191,-0.0411988182435927,-0.0324457067938391
420,51.5096780868113,-0.160867331903187,1.27996559300223,0.00938513348083345,0.00733220122968328
420.5,51.5096857079191,-0.160867242091728,1.28991170432858,-0.0150928803125738,-0.0117001741646432
421,51.5096933882479,-0.160867386454106,1.32937468010113,-0.0407794054153312,-0.0306660132620136
421.5,51.5097013035455,-0.160867776551308,1.25387474907771,-0.124089135806911,-0.0986433382711507
422,51.5097087693063,-0.160868963650559,1.21953647067879,-0.0336273205045692,-0.027566868822238
422.5,51.5097160306106,-0.160869285328462,1.23947099802664,-0.0362166405240824,-0.0292111222454556
423,51.5097234106081,-0.16086963177735,1.00883997828539,-0.0483931628758274,-0.0479323747464111
423.5,51.5097294173939,-0.160870094720424,0.829860095953972,0.0152388038659227,0.0183610363091985
424,51.5097343585057,-0.160869948918108,0.537902759345372,-0.047545993402549,-0.0881622998053971
424.5,51.5097375612604,-0.160870403766307,0.299203940191251,-0.0218403794387848,-0.0728657267340292
425,51.509739342766,-0.160870612701005,0.0399986757000797,0.000325487695390412,0.0081372821866431
